Date,num_vaccine,Distributor
01/01/2021,0.0,Janssen
01/01/2022,59841300.0,Janssen
01/02/2021,0.0,Janssen
01/02/2022,59841300.0,Janssen
01/03/2021,0.0,Janssen
01/03/2022,59841300.0,Janssen
01/04/2021,0.0,Janssen
01/04/2022,59841300.0,Janssen
01/04/2023,63791800.0,Janssen
01/05/2021,0.0,Janssen
01/05/2022,59888300.0,Janssen
01/06/2021,0.0,Janssen
01/06/2022,59941100.0,Janssen
01/07/2021,0.0,Janssen
01/07/2022,59941100.0,Janssen
01/08/2021,0.0,Janssen
01/08/2022,60250500.0,Janssen
01/09/2021,0.0,Janssen
01/09/2022,60252900.0,Janssen
01/10/2021,0.0,Janssen
01/10/2022,60258900.0,Janssen
01/11/2021,0.0,Janssen
01/11/2022,60419800.0,Janssen
01/11/2023,63814700.0,Janssen
01/12/2021,0.0,Janssen
01/12/2022,60499900.0,Janssen
01/13/2021,0.0,Janssen
01/13/2022,60576300.0,Janssen
01/14/2021,0.0,Janssen
01/14/2022,60600700.0,Janssen
01/15/2021,0.0,Janssen
01/15/2022,60677200.0,Janssen
01/16/2021,0.0,Janssen
01/16/2022,60677400.0,Janssen
01/17/2021,0.0,Janssen
01/17/2022,60677400.0,Janssen
01/18/2021,0.0,Janssen
01/18/2022,60677400.0,Janssen
01/18/2023,63824900.0,Janssen
01/19/2021,0.0,Janssen
01/19/2022,60690600.0,Janssen
01/20/2021,0.0,Janssen
01/20/2022,60782600.0,Janssen
01/21/2021,0.0,Janssen
01/21/2022,60822200.0,Janssen
01/22/2021,0.0,Janssen
01/22/2022,60901800.0,Janssen
01/23/2021,0.0,Janssen
01/23/2022,60901800.0,Janssen
01/24/2021,0.0,Janssen
01/24/2022,60902000.0,Janssen
01/25/2021,0.0,Janssen
01/25/2022,60922200.0,Janssen
01/25/2023,63849300.0,Janssen
01/26/2021,0.0,Janssen
01/26/2022,60986300.0,Janssen
01/27/2021,0.0,Janssen
01/27/2022,61013800.0,Janssen
01/28/2021,0.0,Janssen
01/28/2022,61032400.0,Janssen
01/29/2021,0.0,Janssen
01/29/2022,61075400.0,Janssen
01/30/2021,0.0,Janssen
01/30/2022,61075600.0,Janssen
01/31/2021,0.0,Janssen
01/31/2022,61075600.0,Janssen
02/01/2021,0.0,Janssen
02/01/2022,61096400.0,Janssen
02/01/2023,63870800.0,Janssen
02/02/2021,0.0,Janssen
02/02/2022,61139600.0,Janssen
02/03/2021,0.0,Janssen
02/03/2022,61153600.0,Janssen
02/04/2021,0.0,Janssen
02/04/2022,61153600.0,Janssen
02/05/2021,0.0,Janssen
02/05/2022,61153600.0,Janssen
02/06/2021,0.0,Janssen
02/06/2022,61153600.0,Janssen
02/07/2021,0.0,Janssen
02/07/2022,61153600.0,Janssen
02/08/2021,0.0,Janssen
02/08/2022,61240200.0,Janssen
02/09/2021,0.0,Janssen
02/09/2022,61303600.0,Janssen
02/10/2021,0.0,Janssen
02/10/2022,61322200.0,Janssen
02/11/2021,0.0,Janssen
02/11/2022,61341000.0,Janssen
02/12/2021,0.0,Janssen
02/12/2022,61379400.0,Janssen
02/13/2021,0.0,Janssen
02/13/2022,61380200.0,Janssen
02/14/2021,0.0,Janssen
02/14/2022,61380200.0,Janssen
02/15/2021,0.0,Janssen
02/15/2022,61394200.0,Janssen
02/16/2021,0.0,Janssen
02/16/2022,61405400.0,Janssen
02/17/2021,0.0,Janssen
02/17/2022,61421100.0,Janssen
02/18/2021,0.0,Janssen
02/18/2022,61472300.0,Janssen
02/19/2021,0.0,Janssen
02/19/2022,61494100.0,Janssen
02/20/2021,0.0,Janssen
02/20/2022,61494100.0,Janssen
02/21/2021,0.0,Janssen
02/21/2022,61494100.0,Janssen
02/22/2021,0.0,Janssen
02/22/2022,61510700.0,Janssen
02/23/2021,0.0,Janssen
02/23/2022,61527500.0,Janssen
02/24/2021,0.0,Janssen
02/24/2022,61542800.0,Janssen
02/25/2021,0.0,Janssen
02/25/2022,61554000.0,Janssen
02/26/2021,0.0,Janssen
02/26/2022,61560400.0,Janssen
02/27/2021,0.0,Janssen
02/27/2022,61560400.0,Janssen
02/28/2021,0.0,Janssen
02/28/2022,61580100.0,Janssen
03/01/2021,0.0,Janssen
03/01/2022,61582700.0,Janssen
03/02/2021,0.0,Janssen
03/02/2022,61595100.0,Janssen
03/03/2021,0.0,Janssen
03/03/2022,61617300.0,Janssen
03/04/2021,0.0,Janssen
03/04/2022,61627500.0,Janssen
03/05/2021,5265200.0,Janssen
03/05/2022,61691700.0,Janssen
03/06/2021,5924800.0,Janssen
03/06/2022,61691700.0,Janssen
03/07/2021,5926800.0,Janssen
03/07/2022,61691700.0,Janssen
03/08/2021,5926800.0,Janssen
03/08/2022,61703300.0,Janssen
03/09/2021,7157500.0,Janssen
03/09/2022,61710700.0,Janssen
03/10/2021,7781100.0,Janssen
03/10/2022,61724400.0,Janssen
03/11/2021,7947800.0,Janssen
03/11/2022,61727800.0,Janssen
03/12/2021,7971800.0,Janssen
03/12/2022,61727800.0,Janssen
03/13/2021,7981600.0,Janssen
03/13/2022,61727800.0,Janssen
03/14/2021,7984000.0,Janssen
03/14/2022,61741600.0,Janssen
03/15/2021,7984000.0,Janssen
03/15/2022,61753500.0,Janssen
03/16/2021,8122900.0,Janssen
03/16/2022,61761900.0,Janssen
03/17/2021,8441200.0,Janssen
03/17/2022,61772100.0,Janssen
03/18/2021,8871800.0,Janssen
03/18/2022,61815900.0,Janssen
03/19/2021,9020800.0,Janssen
03/19/2022,61815900.0,Janssen
03/20/2021,9090100.0,Janssen
03/20/2022,61815900.0,Janssen
03/21/2021,9090300.0,Janssen
03/21/2022,61815900.0,Janssen
03/22/2021,9095800.0,Janssen
03/22/2022,61815900.0,Janssen
03/23/2021,9741900.0,Janssen
03/23/2022,61838700.0,Janssen
03/24/2021,10107900.0,Janssen
03/24/2022,61858900.0,Janssen
03/25/2021,10265400.0,Janssen
03/25/2022,61865300.0,Janssen
03/26/2021,10344000.0,Janssen
03/26/2022,61880500.0,Janssen
03/27/2021,10528800.0,Janssen
03/27/2022,61880500.0,Janssen
03/28/2021,10534700.0,Janssen
03/28/2022,61880500.0,Janssen
03/29/2021,10534700.0,Janssen
03/29/2022,61886500.0,Janssen
03/30/2021,13243600.0,Janssen
03/30/2022,61899200.0,Janssen
03/31/2021,14465700.0,Janssen
03/31/2022,61912000.0,Janssen
04/01/2021,16910800.0,Janssen
04/01/2022,61912000.0,Janssen
04/02/2021,17755300.0,Janssen
04/02/2022,61969700.0,Janssen
04/03/2021,18506500.0,Janssen
04/03/2022,61969700.0,Janssen
04/04/2021,18513200.0,Janssen
04/04/2022,61969700.0,Janssen
04/05/2021,18515200.0,Janssen
04/05/2022,61984500.0,Janssen
04/06/2021,25683600.0,Janssen
04/06/2022,61994500.0,Janssen
04/07/2021,28748400.0,Janssen
04/07/2022,62005700.0,Janssen
04/08/2021,30744300.0,Janssen
04/08/2022,62017800.0,Janssen
04/09/2021,32075300.0,Janssen
04/09/2022,62017800.0,Janssen
04/10/2021,34524600.0,Janssen
04/10/2022,62037500.0,Janssen
04/11/2021,34687700.0,Janssen
04/11/2022,62037500.0,Janssen
04/12/2021,34699700.0,Janssen
04/12/2022,62048800.0,Janssen
04/13/2021,37280300.0,Janssen
04/13/2022,62057600.0,Janssen
04/14/2021,37703800.0,Janssen
04/14/2022,62126400.0,Janssen
04/15/2021,37704400.0,Janssen
04/15/2022,62133300.0,Janssen
04/16/2021,37704800.0,Janssen
04/16/2022,62147900.0,Janssen
04/17/2021,37704800.0,Janssen
04/17/2022,62147900.0,Janssen
04/18/2021,37704800.0,Janssen
04/18/2022,62147900.0,Janssen
04/19/2021,37704800.0,Janssen
04/19/2022,62147900.0,Janssen
04/20/2021,37704800.0,Janssen
04/20/2022,62181500.0,Janssen
04/21/2021,37704800.0,Janssen
04/21/2022,62204500.0,Janssen
04/22/2021,37709900.0,Janssen
04/22/2022,62223700.0,Janssen
04/23/2021,37709900.0,Janssen
04/23/2022,62272500.0,Janssen
04/24/2021,37709900.0,Janssen
04/24/2022,62272500.0,Janssen
04/25/2021,37710000.0,Janssen
04/25/2022,62272500.0,Janssen
04/26/2021,37710000.0,Janssen
04/26/2022,62284100.0,Janssen
04/27/2021,37714000.0,Janssen
04/27/2022,62295100.0,Janssen
04/28/2021,37758400.0,Janssen
04/28/2022,62364300.0,Janssen
04/29/2021,38214900.0,Janssen
04/29/2022,62375300.0,Janssen
04/30/2021,38737300.0,Janssen
04/30/2022,62406900.0,Janssen
05/01/2021,39586900.0,Janssen
05/01/2022,62406900.0,Janssen
05/02/2021,39605100.0,Janssen
05/02/2022,62406900.0,Janssen
05/03/2021,39605100.0,Janssen
05/03/2022,62419900.0,Janssen
05/04/2021,40428000.0,Janssen
05/04/2022,62429000.0,Janssen
05/05/2021,40783000.0,Janssen
05/05/2022,62446500.0,Janssen
05/06/2021,41629900.0,Janssen
05/06/2022,62459300.0,Janssen
05/07/2021,41886300.0,Janssen
05/07/2022,62481500.0,Janssen
05/08/2021,42100100.0,Janssen
05/08/2022,62481500.0,Janssen
05/09/2021,42107300.0,Janssen
05/09/2022,62481500.0,Janssen
05/10/2021,42107300.0,Janssen
05/10/2022,62493500.0,Janssen
05/11/2021,42502100.0,Janssen
05/11/2022,62498100.0,Janssen
05/12/2021,42592900.0,Janssen
05/12/2022,62540800.0,Janssen
05/13/2021,42838900.0,Janssen
05/13/2022,62543800.0,Janssen
05/14/2021,43302000.0,Janssen
05/14/2022,62558800.0,Janssen
05/15/2021,43444600.0,Janssen
05/15/2022,62558800.0,Janssen
05/16/2021,43444700.0,Janssen
05/16/2022,62558800.0,Janssen
05/17/2021,43448400.0,Janssen
05/17/2022,62563700.0,Janssen
05/18/2021,43552200.0,Janssen
05/18/2022,62572900.0,Janssen
05/19/2021,43729700.0,Janssen
05/19/2022,62579300.0,Janssen
05/20/2021,44129500.0,Janssen
05/20/2022,62586900.0,Janssen
05/21/2021,44353100.0,Janssen
05/21/2022,62599300.0,Janssen
05/22/2021,44541500.0,Janssen
05/22/2022,62599300.0,Janssen
05/23/2021,44542300.0,Janssen
05/23/2022,62599300.0,Janssen
05/24/2021,44542300.0,Janssen
05/24/2022,62604700.0,Janssen
05/25/2021,44718600.0,Janssen
05/25/2022,62608900.0,Janssen
05/26/2021,44785500.0,Janssen
05/26/2022,62639900.0,Janssen
05/27/2021,45081300.0,Janssen
05/27/2022,62644900.0,Janssen
05/28/2021,45178000.0,Janssen
05/28/2022,62659500.0,Janssen
05/29/2021,45516700.0,Janssen
05/29/2022,62659500.0,Janssen
05/30/2021,45516700.0,Janssen
05/30/2022,62659500.0,Janssen
05/31/2021,45516700.0,Janssen
05/31/2022,62659500.0,Janssen
06/01/2021,45516700.0,Janssen
06/01/2022,62659500.0,Janssen
06/02/2021,45548000.0,Janssen
06/02/2022,62672500.0,Janssen
06/03/2021,45799000.0,Janssen
06/03/2022,62679700.0,Janssen
06/04/2021,45998900.0,Janssen
06/04/2022,62689700.0,Janssen
06/05/2021,46069300.0,Janssen
06/05/2022,62689700.0,Janssen
06/06/2021,46069300.0,Janssen
06/06/2022,62689700.0,Janssen
06/07/2021,46069300.0,Janssen
06/07/2022,62694500.0,Janssen
06/08/2021,46069300.0,Janssen
06/08/2022,62700200.0,Janssen
06/09/2021,46069300.0,Janssen
06/09/2022,62736800.0,Janssen
06/10/2021,46060600.0,Janssen
06/10/2022,62742400.0,Janssen
06/11/2021,46060200.0,Janssen
06/11/2022,62745600.0,Janssen
06/12/2021,46060400.0,Janssen
06/12/2022,62745600.0,Janssen
06/13/2021,46060400.0,Janssen
06/13/2022,62745800.0,Janssen
06/14/2021,46060400.0,Janssen
06/14/2022,62753000.0,Janssen
06/15/2021,46060400.0,Janssen
06/15/2022,62758800.0,Janssen
06/16/2021,46060400.0,Janssen
06/16/2022,62772200.0,Janssen
06/17/2021,46137300.0,Janssen
06/18/2021,46137300.0,Janssen
06/19/2021,46137300.0,Janssen
06/20/2021,46137300.0,Janssen
06/21/2021,46137300.0,Janssen
06/22/2021,46137300.0,Janssen
06/22/2022,62793100.0,Janssen
06/23/2021,46137300.0,Janssen
06/24/2021,46137300.0,Janssen
06/25/2021,46137300.0,Janssen
06/26/2021,46137300.0,Janssen
06/27/2021,46137300.0,Janssen
06/28/2021,46137300.0,Janssen
06/29/2021,46137300.0,Janssen
06/29/2022,62862700.0,Janssen
06/30/2021,46137300.0,Janssen
07/01/2021,46137300.0,Janssen
07/02/2021,46137300.0,Janssen
07/03/2021,46137300.0,Janssen
07/04/2021,46137300.0,Janssen
07/05/2021,46137300.0,Janssen
07/06/2021,46137300.0,Janssen
07/06/2022,62884100.0,Janssen
07/07/2021,46137300.0,Janssen
07/08/2021,46137300.0,Janssen
07/09/2021,46137300.0,Janssen
07/10/2021,46139300.0,Janssen
07/11/2021,46139300.0,Janssen
07/12/2021,46139300.0,Janssen
07/13/2021,46139300.0,Janssen
07/13/2022,62954300.0,Janssen
07/14/2021,46188400.0,Janssen
07/15/2021,46188400.0,Janssen
07/16/2021,46188400.0,Janssen
07/17/2021,46188400.0,Janssen
07/18/2021,46188400.0,Janssen
07/19/2021,46188400.0,Janssen
07/20/2021,46188400.0,Janssen
07/20/2022,62998600.0,Janssen
07/21/2021,46188400.0,Janssen
07/22/2021,46188400.0,Janssen
07/23/2021,46188400.0,Janssen
07/24/2021,46188400.0,Janssen
07/25/2021,46188400.0,Janssen
07/26/2021,46188400.0,Janssen
07/27/2021,46188400.0,Janssen
07/27/2022,63066200.0,Janssen
07/28/2021,46188400.0,Janssen
07/29/2021,46188400.0,Janssen
07/30/2021,46188400.0,Janssen
07/31/2021,46188400.0,Janssen
08/01/2021,46188400.0,Janssen
08/02/2021,46188400.0,Janssen
08/03/2021,46188400.0,Janssen
08/03/2022,63109300.0,Janssen
08/04/2021,46188400.0,Janssen
08/05/2021,46188400.0,Janssen
08/06/2021,46188400.0,Janssen
08/07/2021,46188400.0,Janssen
08/08/2021,46188400.0,Janssen
08/09/2021,46188400.0,Janssen
08/10/2021,46188400.0,Janssen
08/10/2022,63184800.0,Janssen
08/11/2021,46188400.0,Janssen
08/12/2021,46188400.0,Janssen
08/13/2021,46188400.0,Janssen
08/14/2021,46188400.0,Janssen
08/15/2021,46188400.0,Janssen
08/16/2021,46188400.0,Janssen
08/17/2021,46188400.0,Janssen
08/17/2022,63213900.0,Janssen
08/18/2021,46188400.0,Janssen
08/19/2021,46188400.0,Janssen
08/20/2021,46188400.0,Janssen
08/21/2021,46188400.0,Janssen
08/22/2021,46188400.0,Janssen
08/23/2021,46188400.0,Janssen
08/24/2021,46188400.0,Janssen
08/24/2022,63272400.0,Janssen
08/25/2021,46188400.0,Janssen
08/26/2021,46188400.0,Janssen
08/27/2021,46188400.0,Janssen
08/28/2021,46188400.0,Janssen
08/29/2021,46188400.0,Janssen
08/30/2021,46188400.0,Janssen
08/31/2021,46209400.0,Janssen
08/31/2022,63303500.0,Janssen
09/01/2021,46209400.0,Janssen
09/02/2021,46209400.0,Janssen
09/03/2021,46209400.0,Janssen
09/04/2021,46209400.0,Janssen
09/05/2021,46209400.0,Janssen
09/06/2021,46209400.0,Janssen
09/07/2021,46209400.0,Janssen
09/07/2022,63347300.0,Janssen
09/08/2021,46209400.0,Janssen
09/09/2021,46209400.0,Janssen
09/10/2021,46209700.0,Janssen
09/11/2021,46209700.0,Janssen
09/12/2021,46209700.0,Janssen
09/13/2021,46209700.0,Janssen
09/14/2021,46209700.0,Janssen
09/14/2022,63400500.0,Janssen
09/15/2021,46722300.0,Janssen
09/16/2021,46873400.0,Janssen
09/17/2021,47100500.0,Janssen
09/18/2021,47421800.0,Janssen
09/19/2021,47421800.0,Janssen
09/20/2021,47421800.0,Janssen
09/21/2021,47552800.0,Janssen
09/21/2022,63457400.0,Janssen
09/22/2021,47686600.0,Janssen
09/23/2021,47898200.0,Janssen
09/24/2021,48050100.0,Janssen
09/25/2021,48347100.0,Janssen
09/26/2021,48347100.0,Janssen
09/27/2021,48347100.0,Janssen
09/28/2021,48505300.0,Janssen
09/28/2022,63505400.0,Janssen
09/29/2021,48815000.0,Janssen
09/30/2021,48819300.0,Janssen
10/01/2021,49124000.0,Janssen
10/02/2021,49297900.0,Janssen
10/03/2021,49297900.0,Janssen
10/04/2021,49299100.0,Janssen
10/05/2021,49382900.0,Janssen
10/05/2022,63554200.0,Janssen
10/06/2021,49579300.0,Janssen
10/07/2021,49722700.0,Janssen
10/08/2021,49886300.0,Janssen
10/09/2021,50070700.0,Janssen
10/10/2021,50071300.0,Janssen
10/11/2021,50071300.0,Janssen
10/12/2021,50121000.0,Janssen
10/12/2022,63590100.0,Janssen
10/13/2021,50293700.0,Janssen
10/14/2021,50380700.0,Janssen
10/15/2021,50559100.0,Janssen
10/16/2021,50718900.0,Janssen
10/17/2021,50720100.0,Janssen
10/18/2021,50721300.0,Janssen
10/19/2021,50844500.0,Janssen
10/19/2022,63620900.0,Janssen
10/20/2021,51037100.0,Janssen
10/21/2021,51350300.0,Janssen
10/22/2021,49063300.0,Janssen
10/23/2021,49330600.0,Janssen
10/24/2021,49330600.0,Janssen
10/25/2021,49330600.0,Janssen
10/26/2021,49640900.0,Janssen
10/26/2022,63641000.0,Janssen
10/27/2021,50290200.0,Janssen
10/28/2021,50787600.0,Janssen
10/29/2021,51727100.0,Janssen
10/30/2021,52029200.0,Janssen
10/31/2021,52029200.0,Janssen
11/01/2021,52029200.0,Janssen
11/02/2021,52235400.0,Janssen
11/02/2022,65910600.0,Janssen
11/03/2021,52403100.0,Janssen
11/04/2021,52651100.0,Janssen
11/05/2021,52815700.0,Janssen
11/06/2021,53002900.0,Janssen
11/07/2021,52991600.0,Janssen
11/08/2021,52991800.0,Janssen
11/09/2021,53275700.0,Janssen
11/09/2022,63681500.0,Janssen
11/10/2021,53534500.0,Janssen
11/11/2021,53752800.0,Janssen
11/12/2021,53985400.0,Janssen
11/13/2021,54190100.0,Janssen
11/14/2021,54191500.0,Janssen
11/15/2021,54191500.0,Janssen
11/16/2021,54444900.0,Janssen
11/16/2022,63703700.0,Janssen
11/17/2021,54631800.0,Janssen
11/18/2021,54837400.0,Janssen
11/19/2021,55240000.0,Janssen
11/20/2021,55657500.0,Janssen
11/21/2021,55657700.0,Janssen
11/22/2021,55657700.0,Janssen
11/23/2021,55864300.0,Janssen
11/23/2022,63716300.0,Janssen
11/24/2021,55939200.0,Janssen
11/25/2021,55939200.0,Janssen
11/26/2021,55939200.0,Janssen
11/27/2021,55939200.0,Janssen
11/28/2021,55939200.0,Janssen
11/29/2021,55939400.0,Janssen
11/30/2021,56262400.0,Janssen
11/30/2022,63732300.0,Janssen
12/01/2021,56468000.0,Janssen
12/02/2021,56714100.0,Janssen
12/03/2021,56993800.0,Janssen
12/04/2021,57218200.0,Janssen
12/05/2021,57218400.0,Janssen
12/06/2021,57218400.0,Janssen
12/07/2021,57399500.0,Janssen
12/07/2022,63745300.0,Janssen
12/08/2021,57552100.0,Janssen
12/09/2021,57792800.0,Janssen
12/10/2021,57886000.0,Janssen
12/11/2021,58384000.0,Janssen
12/12/2021,58384200.0,Janssen
12/13/2020,0.0,Janssen
12/13/2021,58384200.0,Janssen
12/14/2020,0.0,Janssen
12/14/2021,58549800.0,Janssen
12/14/2022,63764300.0,Janssen
12/15/2020,0.0,Janssen
12/15/2021,58684400.0,Janssen
12/16/2020,0.0,Janssen
12/16/2021,58932800.0,Janssen
12/17/2020,0.0,Janssen
12/17/2021,59054400.0,Janssen
12/18/2020,0.0,Janssen
12/18/2021,59259300.0,Janssen
12/19/2020,0.0,Janssen
12/19/2021,59259500.0,Janssen
12/20/2020,0.0,Janssen
12/20/2021,59259500.0,Janssen
12/21/2020,0.0,Janssen
12/21/2021,59445600.0,Janssen
12/21/2022,63778900.0,Janssen
12/22/2020,0.0,Janssen
12/22/2021,59537600.0,Janssen
12/23/2020,0.0,Janssen
12/23/2021,59676400.0,Janssen
12/24/2020,0.0,Janssen
12/24/2021,59676400.0,Janssen
12/25/2020,0.0,Janssen
12/25/2021,59676400.0,Janssen
12/26/2020,0.0,Janssen
12/26/2021,59676400.0,Janssen
12/27/2020,0.0,Janssen
12/27/2021,59676400.0,Janssen
12/28/2020,0.0,Janssen
12/28/2021,59676600.0,Janssen
12/28/2022,63782700.0,Janssen
12/29/2020,0.0,Janssen
12/29/2021,59799500.0,Janssen
12/30/2020,0.0,Janssen
12/30/2021,59840500.0,Janssen
12/31/2020,0.0,Janssen
12/31/2021,59841100.0,Janssen
01/01/2021,0.0,Moderna
01/01/2022,445807920.0,Moderna
01/02/2021,0.0,Moderna
01/02/2022,445372700.0,Moderna
01/03/2021,0.0,Moderna
01/03/2022,445044220.0,Moderna
01/04/2021,0.0,Moderna
01/04/2022,445046380.0,Moderna
01/04/2023,694551460.0,Moderna
01/05/2021,0.0,Moderna
01/05/2022,448284300.0,Moderna
01/06/2021,0.0,Moderna
01/06/2022,474958380.0,Moderna
01/07/2021,0.0,Moderna
01/07/2022,474958380.0,Moderna
01/08/2021,0.0,Moderna
01/08/2022,478623980.0,Moderna
01/09/2021,0.0,Moderna
01/09/2022,478672520.0,Moderna
01/10/2021,0.0,Moderna
01/10/2022,478677800.0,Moderna
01/11/2021,0.0,Moderna
01/11/2022,479757580.0,Moderna
01/11/2023,698043460.0,Moderna
01/12/2021,0.0,Moderna
01/12/2022,482227080.0,Moderna
01/13/2021,0.0,Moderna
01/13/2022,483233680.0,Moderna
01/14/2021,0.0,Moderna
01/14/2022,484753980.0,Moderna
01/15/2021,0.0,Moderna
01/15/2022,485911980.0,Moderna
01/16/2021,0.0,Moderna
01/16/2022,485911780.0,Moderna
01/17/2021,0.0,Moderna
01/17/2022,485911780.0,Moderna
01/18/2021,0.0,Moderna
01/18/2022,485914380.0,Moderna
01/18/2023,700031160.0,Moderna
01/19/2021,0.0,Moderna
01/19/2022,486788580.0,Moderna
01/20/2021,0.0,Moderna
01/20/2022,488744980.0,Moderna
01/21/2021,0.0,Moderna
01/21/2022,489718880.0,Moderna
01/22/2021,0.0,Moderna
01/22/2022,490481980.0,Moderna
01/23/2021,0.0,Moderna
01/23/2022,490483180.0,Moderna
01/24/2021,0.0,Moderna
01/24/2022,490483180.0,Moderna
01/25/2021,0.0,Moderna
01/25/2022,491177280.0,Moderna
01/25/2023,702061560.0,Moderna
01/26/2021,0.0,Moderna
01/26/2022,491605160.0,Moderna
01/27/2021,0.0,Moderna
01/27/2022,492658760.0,Moderna
01/28/2021,0.0,Moderna
01/28/2022,493237960.0,Moderna
01/29/2021,0.0,Moderna
01/29/2022,493804860.0,Moderna
01/30/2021,0.0,Moderna
01/30/2022,493804860.0,Moderna
01/31/2021,0.0,Moderna
01/31/2022,493804860.0,Moderna
02/01/2021,0.0,Moderna
02/01/2022,494247360.0,Moderna
02/01/2023,703300560.0,Moderna
02/02/2021,0.0,Moderna
02/02/2022,495025580.0,Moderna
02/03/2021,0.0,Moderna
02/03/2022,496224380.0,Moderna
02/04/2021,0.0,Moderna
02/04/2022,496234180.0,Moderna
02/05/2021,0.0,Moderna
02/05/2022,496234780.0,Moderna
02/06/2021,0.0,Moderna
02/06/2022,496234780.0,Moderna
02/07/2021,0.0,Moderna
02/07/2022,496234780.0,Moderna
02/08/2021,0.0,Moderna
02/08/2022,497503580.0,Moderna
02/09/2021,0.0,Moderna
02/09/2022,498624680.0,Moderna
02/10/2021,0.0,Moderna
02/10/2022,499439680.0,Moderna
02/11/2021,0.0,Moderna
02/11/2022,500141880.0,Moderna
02/12/2021,0.0,Moderna
02/12/2022,500569080.0,Moderna
02/13/2021,0.0,Moderna
02/13/2022,500575680.0,Moderna
02/14/2021,0.0,Moderna
02/14/2022,500575680.0,Moderna
02/15/2021,0.0,Moderna
02/15/2022,500919080.0,Moderna
02/16/2021,0.0,Moderna
02/16/2022,501165080.0,Moderna
02/17/2021,0.0,Moderna
02/17/2022,514464660.0,Moderna
02/18/2021,0.0,Moderna
02/18/2022,514941860.0,Moderna
02/19/2021,0.0,Moderna
02/19/2022,515420760.0,Moderna
02/20/2021,0.0,Moderna
02/20/2022,515420760.0,Moderna
02/21/2021,0.0,Moderna
02/21/2022,515420760.0,Moderna
02/22/2021,0.0,Moderna
02/22/2022,515773160.0,Moderna
02/23/2021,0.0,Moderna
02/23/2022,516151860.0,Moderna
02/24/2021,0.0,Moderna
02/24/2022,517036660.0,Moderna
02/25/2021,0.0,Moderna
02/25/2022,517520860.0,Moderna
02/26/2021,0.0,Moderna
02/26/2022,517669160.0,Moderna
02/27/2021,0.0,Moderna
02/27/2022,517669360.0,Moderna
02/28/2021,0.0,Moderna
02/28/2022,518119860.0,Moderna
03/01/2021,0.0,Moderna
03/01/2022,518215860.0,Moderna
03/02/2021,0.0,Moderna
03/02/2022,518598660.0,Moderna
03/03/2021,0.0,Moderna
03/03/2022,519678660.0,Moderna
03/04/2021,0.0,Moderna
03/04/2022,520216760.0,Moderna
03/05/2021,123113200.0,Moderna
03/05/2022,520507160.0,Moderna
03/06/2021,124778000.0,Moderna
03/06/2022,520508160.0,Moderna
03/07/2021,124855200.0,Moderna
03/07/2022,520508160.0,Moderna
03/08/2021,124971500.0,Moderna
03/08/2022,520807860.0,Moderna
03/09/2021,129609200.0,Moderna
03/09/2022,521063960.0,Moderna
03/10/2021,135646500.0,Moderna
03/10/2022,521581860.0,Moderna
03/11/2021,139444800.0,Moderna
03/11/2022,521998960.0,Moderna
03/12/2021,141393900.0,Moderna
03/12/2022,521998960.0,Moderna
03/13/2021,143148200.0,Moderna
03/13/2022,521998960.0,Moderna
03/14/2021,143165200.0,Moderna
03/14/2022,522303160.0,Moderna
03/15/2021,143171900.0,Moderna
03/15/2022,522539740.0,Moderna
03/16/2021,147554000.0,Moderna
03/16/2022,522904300.0,Moderna
03/17/2021,153495300.0,Moderna
03/17/2022,523822200.0,Moderna
03/18/2021,157510700.0,Moderna
03/18/2022,524252140.0,Moderna
03/19/2021,159019600.0,Moderna
03/19/2022,524252140.0,Moderna
03/20/2021,160359000.0,Moderna
03/20/2022,524252740.0,Moderna
03/21/2021,160360500.0,Moderna
03/21/2022,524252740.0,Moderna
03/22/2021,160394800.0,Moderna
03/22/2022,524252740.0,Moderna
03/23/2021,165525900.0,Moderna
03/23/2022,525108100.0,Moderna
03/24/2021,172057500.0,Moderna
03/24/2022,525538000.0,Moderna
03/25/2021,177044100.0,Moderna
03/25/2022,526023580.0,Moderna
03/26/2021,180397400.0,Moderna
03/26/2022,526491280.0,Moderna
03/27/2021,182066200.0,Moderna
03/27/2022,526491480.0,Moderna
03/28/2021,182091400.0,Moderna
03/28/2022,526491480.0,Moderna
03/29/2021,182104700.0,Moderna
03/29/2022,526806680.0,Moderna
03/30/2021,186058600.0,Moderna
03/30/2022,527162180.0,Moderna
03/31/2021,192734800.0,Moderna
03/31/2022,528211280.0,Moderna
04/01/2021,196813000.0,Moderna
04/01/2022,528220880.0,Moderna
04/02/2021,199036400.0,Moderna
04/02/2022,530196580.0,Moderna
04/03/2021,200673600.0,Moderna
04/03/2022,530197780.0,Moderna
04/04/2021,200690200.0,Moderna
04/04/2022,530197780.0,Moderna
04/05/2021,200690400.0,Moderna
04/05/2022,530992380.0,Moderna
04/06/2021,205675500.0,Moderna
04/06/2022,531546380.0,Moderna
04/07/2021,211697700.0,Moderna
04/07/2022,532901880.0,Moderna
04/08/2021,215112500.0,Moderna
04/08/2022,533854180.0,Moderna
04/09/2021,217417800.0,Moderna
04/09/2022,533854180.0,Moderna
04/10/2021,219288500.0,Moderna
04/10/2022,535041580.0,Moderna
04/11/2021,219288500.0,Moderna
04/11/2022,535041580.0,Moderna
04/12/2021,219290200.0,Moderna
04/12/2022,535671880.0,Moderna
04/13/2021,222530100.0,Moderna
04/13/2022,536199180.0,Moderna
04/14/2021,229211600.0,Moderna
04/14/2022,537532380.0,Moderna
04/15/2021,234345700.0,Moderna
04/15/2022,538664580.0,Moderna
04/16/2021,237310800.0,Moderna
04/16/2022,539859080.0,Moderna
04/17/2021,240742500.0,Moderna
04/17/2022,539862480.0,Moderna
04/18/2021,240755700.0,Moderna
04/18/2022,539862480.0,Moderna
04/19/2021,240755700.0,Moderna
04/19/2022,539866680.0,Moderna
04/20/2021,244259900.0,Moderna
04/20/2022,541332580.0,Moderna
04/21/2021,252311000.0,Moderna
04/21/2022,542491080.0,Moderna
04/22/2021,257933200.0,Moderna
04/22/2022,542819880.0,Moderna
04/23/2021,260610800.0,Moderna
04/23/2022,543769880.0,Moderna
04/24/2021,263659700.0,Moderna
04/24/2022,543770280.0,Moderna
04/25/2021,263660700.0,Moderna
04/25/2022,543770480.0,Moderna
04/26/2021,263660700.0,Moderna
04/26/2022,544343080.0,Moderna
04/27/2021,267955800.0,Moderna
04/27/2022,544978380.0,Moderna
04/28/2021,273537100.0,Moderna
04/28/2022,546121980.0,Moderna
04/29/2021,277590600.0,Moderna
04/29/2022,547506880.0,Moderna
04/30/2021,279853900.0,Moderna
04/30/2022,548096380.0,Moderna
05/01/2021,281688100.0,Moderna
05/01/2022,548096980.0,Moderna
05/02/2021,281705300.0,Moderna
05/02/2022,548096980.0,Moderna
05/03/2021,281708500.0,Moderna
05/03/2022,548593080.0,Moderna
05/04/2021,285793100.0,Moderna
05/04/2022,549208080.0,Moderna
05/05/2021,288781700.0,Moderna
05/05/2022,550240280.0,Moderna
05/06/2021,292272440.0,Moderna
05/06/2022,550770780.0,Moderna
05/07/2021,294750960.0,Moderna
05/07/2022,551259980.0,Moderna
05/08/2021,296039360.0,Moderna
05/08/2022,551261180.0,Moderna
05/09/2021,296043400.0,Moderna
05/09/2022,551261180.0,Moderna
05/10/2021,296057800.0,Moderna
05/10/2022,551758760.0,Moderna
05/11/2021,298707820.0,Moderna
05/11/2022,552269660.0,Moderna
05/12/2021,301171040.0,Moderna
05/12/2022,554171560.0,Moderna
05/13/2021,303940460.0,Moderna
05/13/2022,554789260.0,Moderna
05/14/2021,305763220.0,Moderna
05/14/2022,555464660.0,Moderna
05/15/2021,306987200.0,Moderna
05/15/2022,555465660.0,Moderna
05/16/2021,306990800.0,Moderna
05/16/2022,555465660.0,Moderna
05/17/2021,307033000.0,Moderna
05/17/2022,555811360.0,Moderna
05/18/2021,308388180.0,Moderna
05/18/2022,556656460.0,Moderna
05/19/2021,311358520.0,Moderna
05/19/2022,557798360.0,Moderna
05/20/2021,315638840.0,Moderna
05/20/2022,558367660.0,Moderna
05/21/2021,317602780.0,Moderna
05/21/2022,558885260.0,Moderna
05/22/2021,318259300.0,Moderna
05/22/2022,558888260.0,Moderna
05/23/2021,318294300.0,Moderna
05/23/2022,558888260.0,Moderna
05/24/2021,318294500.0,Moderna
05/24/2022,559391060.0,Moderna
05/25/2021,319357740.0,Moderna
05/25/2022,559836560.0,Moderna
05/26/2021,320740880.0,Moderna
05/26/2022,561870560.0,Moderna
05/27/2021,323343320.0,Moderna
05/27/2022,562773260.0,Moderna
05/28/2021,323942400.0,Moderna
05/28/2022,563247060.0,Moderna
05/29/2021,325546280.0,Moderna
05/29/2022,563248660.0,Moderna
05/30/2021,325546240.0,Moderna
05/30/2022,563248660.0,Moderna
05/31/2021,325546040.0,Moderna
05/31/2022,563248660.0,Moderna
06/01/2021,325554120.0,Moderna
06/01/2022,563248660.0,Moderna
06/02/2021,326066520.0,Moderna
06/02/2022,564451160.0,Moderna
06/03/2021,327946540.0,Moderna
06/03/2022,565393260.0,Moderna
06/04/2021,329201280.0,Moderna
06/04/2022,565779060.0,Moderna
06/05/2021,330110680.0,Moderna
06/05/2022,565779260.0,Moderna
06/06/2021,330204820.0,Moderna
06/06/2022,565779260.0,Moderna
06/07/2021,330204820.0,Moderna
06/07/2022,566329960.0,Moderna
06/08/2021,330694400.0,Moderna
06/08/2022,566676760.0,Moderna
06/09/2021,331041260.0,Moderna
06/09/2022,568554860.0,Moderna
06/10/2021,331689560.0,Moderna
06/10/2022,569415160.0,Moderna
06/11/2021,332426360.0,Moderna
06/11/2022,569672960.0,Moderna
06/12/2021,332745320.0,Moderna
06/12/2022,569676360.0,Moderna
06/13/2021,332771060.0,Moderna
06/13/2022,569676360.0,Moderna
06/14/2021,332771060.0,Moderna
06/14/2022,570145760.0,Moderna
06/15/2021,333079940.0,Moderna
06/15/2022,570676260.0,Moderna
06/16/2021,333340200.0,Moderna
06/16/2022,571601160.0,Moderna
06/17/2021,337851860.0,Moderna
06/18/2021,338397340.0,Moderna
06/19/2021,338890700.0,Moderna
06/20/2021,338911020.0,Moderna
06/21/2021,338911020.0,Moderna
06/22/2021,339286160.0,Moderna
06/22/2022,572939100.0,Moderna
06/23/2021,337800940.0,Moderna
06/24/2021,338618640.0,Moderna
06/25/2021,338221880.0,Moderna
06/26/2021,339196320.0,Moderna
06/27/2021,339253020.0,Moderna
06/28/2021,339253020.0,Moderna
06/29/2021,339516840.0,Moderna
06/29/2022,580202900.0,Moderna
06/30/2021,339760660.0,Moderna
07/01/2021,340599400.0,Moderna
07/02/2021,341309260.0,Moderna
07/03/2021,342087100.0,Moderna
07/04/2021,342089460.0,Moderna
07/05/2021,342089460.0,Moderna
07/06/2021,342103340.0,Moderna
07/06/2022,583778600.0,Moderna
07/07/2021,342178100.0,Moderna
07/08/2021,342875980.0,Moderna
07/09/2021,343862920.0,Moderna
07/10/2021,344195520.0,Moderna
07/11/2021,344223460.0,Moderna
07/12/2021,344223740.0,Moderna
07/13/2021,344503560.0,Moderna
07/13/2022,588604700.0,Moderna
07/14/2021,345304340.0,Moderna
07/15/2021,346139160.0,Moderna
07/16/2021,346894820.0,Moderna
07/17/2021,347365860.0,Moderna
07/18/2021,347365660.0,Moderna
07/19/2021,347415740.0,Moderna
07/20/2021,347874760.0,Moderna
07/20/2022,592952500.0,Moderna
07/21/2021,348883280.0,Moderna
07/22/2021,350559760.0,Moderna
07/23/2021,351879480.0,Moderna
07/24/2021,352726800.0,Moderna
07/25/2021,352936900.0,Moderna
07/26/2021,352954480.0,Moderna
07/27/2021,353617060.0,Moderna
07/27/2022,597214040.0,Moderna
07/28/2021,354425200.0,Moderna
07/29/2021,356066340.0,Moderna
07/30/2021,356613700.0,Moderna
07/31/2021,357963120.0,Moderna
08/01/2021,358057300.0,Moderna
08/02/2021,358058180.0,Moderna
08/03/2021,358643060.0,Moderna
08/03/2022,600309540.0,Moderna
08/04/2021,359652400.0,Moderna
08/05/2021,361080160.0,Moderna
08/06/2021,362407920.0,Moderna
08/07/2021,363366240.0,Moderna
08/08/2021,363391300.0,Moderna
08/09/2021,363507320.0,Moderna
08/10/2021,364256120.0,Moderna
08/10/2022,604365140.0,Moderna
08/11/2021,365710760.0,Moderna
08/12/2021,367870580.0,Moderna
08/13/2021,369086900.0,Moderna
08/14/2021,370112720.0,Moderna
08/15/2021,370314200.0,Moderna
08/16/2021,370319300.0,Moderna
08/17/2021,371551720.0,Moderna
08/17/2022,606755040.0,Moderna
08/18/2021,374058760.0,Moderna
08/19/2021,376881580.0,Moderna
08/20/2021,378608620.0,Moderna
08/21/2021,380298540.0,Moderna
08/22/2021,380372260.0,Moderna
08/23/2021,380384720.0,Moderna
08/24/2021,380771400.0,Moderna
08/24/2022,609405140.0,Moderna
08/25/2021,382486380.0,Moderna
08/26/2021,386780780.0,Moderna
08/27/2021,388337400.0,Moderna
08/28/2021,388560260.0,Moderna
08/29/2021,389891540.0,Moderna
08/30/2021,389886400.0,Moderna
08/31/2021,390973340.0,Moderna
08/31/2022,611365240.0,Moderna
09/01/2021,392707460.0,Moderna
09/02/2021,394900520.0,Moderna
09/03/2021,395834440.0,Moderna
09/04/2021,396364040.0,Moderna
09/05/2021,396263880.0,Moderna
09/06/2021,396253800.0,Moderna
09/07/2021,396263800.0,Moderna
09/07/2022,616287060.0,Moderna
09/08/2021,396527680.0,Moderna
09/09/2021,398964880.0,Moderna
09/10/2021,400022460.0,Moderna
09/11/2021,400294620.0,Moderna
09/12/2021,400340820.0,Moderna
09/13/2021,400344460.0,Moderna
09/14/2021,402572780.0,Moderna
09/14/2022,623486360.0,Moderna
09/15/2021,404397420.0,Moderna
09/16/2021,405264380.0,Moderna
09/17/2021,406176320.0,Moderna
09/18/2021,406976400.0,Moderna
09/19/2021,406999520.0,Moderna
09/20/2021,406921920.0,Moderna
09/21/2021,407311300.0,Moderna
09/21/2022,626673660.0,Moderna
09/22/2021,407712580.0,Moderna
09/23/2021,409324700.0,Moderna
09/24/2021,409988260.0,Moderna
09/25/2021,410767080.0,Moderna
09/26/2021,410759640.0,Moderna
09/27/2021,410769020.0,Moderna
09/28/2021,411389020.0,Moderna
09/28/2022,634032960.0,Moderna
09/29/2021,411938060.0,Moderna
09/30/2021,412081480.0,Moderna
10/01/2021,413630520.0,Moderna
10/02/2021,413945020.0,Moderna
10/03/2021,413639920.0,Moderna
10/04/2021,413603200.0,Moderna
10/05/2021,413794960.0,Moderna
10/05/2022,641683160.0,Moderna
10/06/2021,414857980.0,Moderna
10/07/2021,416084320.0,Moderna
10/08/2021,417264060.0,Moderna
10/09/2021,417755280.0,Moderna
10/10/2021,417776720.0,Moderna
10/11/2021,417769680.0,Moderna
10/12/2021,418155100.0,Moderna
10/12/2022,648763160.0,Moderna
10/13/2021,419133960.0,Moderna
10/14/2021,420364260.0,Moderna
10/15/2021,421411000.0,Moderna
10/16/2021,421891980.0,Moderna
10/17/2021,421506360.0,Moderna
10/18/2021,421436640.0,Moderna
10/19/2021,422324980.0,Moderna
10/19/2022,655388660.0,Moderna
10/20/2021,423526320.0,Moderna
10/21/2021,425499740.0,Moderna
10/22/2021,396759820.0,Moderna
10/23/2021,398579140.0,Moderna
10/24/2021,398472780.0,Moderna
10/25/2021,398323700.0,Moderna
10/26/2021,399474760.0,Moderna
10/26/2022,660845960.0,Moderna
10/27/2021,402474920.0,Moderna
10/28/2021,406218280.0,Moderna
10/29/2021,408761500.0,Moderna
10/30/2021,412125240.0,Moderna
10/31/2021,412040480.0,Moderna
11/01/2021,411774440.0,Moderna
11/02/2021,412768140.0,Moderna
11/02/2022,690479800.0,Moderna
11/03/2021,414765380.0,Moderna
11/04/2021,418776320.0,Moderna
11/05/2021,419996060.0,Moderna
11/06/2021,421411120.0,Moderna
11/07/2021,421152760.0,Moderna
11/08/2021,421147680.0,Moderna
11/09/2021,423057560.0,Moderna
11/09/2022,671333160.0,Moderna
11/10/2021,425089620.0,Moderna
11/11/2021,432567260.0,Moderna
11/12/2021,433658780.0,Moderna
11/13/2021,435045260.0,Moderna
11/14/2021,434814060.0,Moderna
11/15/2021,434620060.0,Moderna
11/16/2021,436335980.0,Moderna
11/16/2022,675327360.0,Moderna
11/17/2021,437854140.0,Moderna
11/18/2021,439576560.0,Moderna
11/19/2021,438758600.0,Moderna
11/20/2021,441590360.0,Moderna
11/21/2021,441274520.0,Moderna
11/22/2021,440873020.0,Moderna
11/23/2021,442505040.0,Moderna
11/23/2022,679875260.0,Moderna
11/24/2021,442128440.0,Moderna
11/25/2021,442128440.0,Moderna
11/26/2021,442128440.0,Moderna
11/27/2021,442128440.0,Moderna
11/28/2021,442128440.0,Moderna
11/29/2021,438732560.0,Moderna
11/30/2021,440301120.0,Moderna
11/30/2022,681664060.0,Moderna
12/01/2021,443585860.0,Moderna
12/02/2021,444870840.0,Moderna
12/03/2021,445332680.0,Moderna
12/04/2021,445594480.0,Moderna
12/05/2021,444220520.0,Moderna
12/06/2021,443553680.0,Moderna
12/07/2021,444531820.0,Moderna
12/07/2022,684611060.0,Moderna
12/08/2021,446384560.0,Moderna
12/09/2021,447888260.0,Moderna
12/10/2021,448159600.0,Moderna
12/11/2021,450635580.0,Moderna
12/12/2021,450610140.0,Moderna
12/13/2020,0.0,Moderna
12/13/2021,450587260.0,Moderna
12/14/2020,0.0,Moderna
12/14/2021,451645420.0,Moderna
12/14/2022,687712060.0,Moderna
12/15/2020,0.0,Moderna
12/15/2021,453298560.0,Moderna
12/16/2020,0.0,Moderna
12/16/2021,456212040.0,Moderna
12/17/2020,0.0,Moderna
12/17/2021,457209100.0,Moderna
12/18/2020,0.0,Moderna
12/18/2021,450198700.0,Moderna
12/19/2020,0.0,Moderna
12/19/2021,448466920.0,Moderna
12/20/2020,0.0,Moderna
12/20/2021,446814200.0,Moderna
12/21/2020,0.0,Moderna
12/21/2021,447620820.0,Moderna
12/21/2022,691920460.0,Moderna
12/22/2020,0.0,Moderna
12/22/2021,450308820.0,Moderna
12/23/2020,0.0,Moderna
12/23/2021,451678800.0,Moderna
12/24/2020,0.0,Moderna
12/24/2021,451635680.0,Moderna
12/25/2020,0.0,Moderna
12/25/2021,451583680.0,Moderna
12/26/2020,0.0,Moderna
12/26/2021,446691440.0,Moderna
12/27/2020,0.0,Moderna
12/27/2021,445522020.0,Moderna
12/28/2020,0.0,Moderna
12/28/2021,445519860.0,Moderna
12/28/2022,693067260.0,Moderna
12/29/2020,0.0,Moderna
12/29/2021,447669460.0,Moderna
12/30/2020,0.0,Moderna
12/30/2021,447638200.0,Moderna
12/31/2020,0.0,Moderna
12/31/2021,446791800.0,Moderna
01/01/2021,0.0,Pfizer
01/01/2022,739688140.0,Pfizer
01/02/2021,0.0,Pfizer
01/02/2022,739686400.0,Pfizer
01/03/2021,0.0,Pfizer
01/03/2022,739688740.0,Pfizer
01/04/2021,0.0,Pfizer
01/04/2022,739691280.0,Pfizer
01/04/2023,1144755910.0,Pfizer
01/05/2021,0.0,Pfizer
01/05/2022,743770420.0,Pfizer
01/06/2021,0.0,Pfizer
01/06/2022,746196760.0,Pfizer
01/07/2021,0.0,Pfizer
01/07/2022,746196760.0,Pfizer
01/08/2021,0.0,Pfizer
01/08/2022,756555480.0,Pfizer
01/09/2021,0.0,Pfizer
01/09/2022,756416880.0,Pfizer
01/10/2021,0.0,Pfizer
01/10/2022,756364260.0,Pfizer
01/11/2021,0.0,Pfizer
01/11/2022,759608900.0,Pfizer
01/11/2023,1151094860.0,Pfizer
01/12/2021,0.0,Pfizer
01/12/2022,762632080.0,Pfizer
01/13/2021,0.0,Pfizer
01/13/2022,765364360.0,Pfizer
01/14/2021,0.0,Pfizer
01/14/2022,768266680.0,Pfizer
01/15/2021,0.0,Pfizer
01/15/2022,772579920.0,Pfizer
01/16/2021,0.0,Pfizer
01/16/2022,772636120.0,Pfizer
01/17/2021,0.0,Pfizer
01/17/2022,772636120.0,Pfizer
01/18/2021,0.0,Pfizer
01/18/2022,773471340.0,Pfizer
01/18/2023,1155546160.0,Pfizer
01/19/2021,0.0,Pfizer
01/19/2022,777043840.0,Pfizer
01/20/2021,0.0,Pfizer
01/20/2022,777196120.0,Pfizer
01/21/2021,0.0,Pfizer
01/21/2022,780010260.0,Pfizer
01/22/2021,0.0,Pfizer
01/22/2022,784577400.0,Pfizer
01/23/2021,0.0,Pfizer
01/23/2022,784722600.0,Pfizer
01/24/2021,0.0,Pfizer
01/24/2022,784724200.0,Pfizer
01/25/2021,0.0,Pfizer
01/25/2022,786118680.0,Pfizer
01/25/2023,1160243530.0,Pfizer
01/26/2021,0.0,Pfizer
01/26/2022,788475060.0,Pfizer
01/27/2021,0.0,Pfizer
01/27/2022,789608260.0,Pfizer
01/28/2021,0.0,Pfizer
01/28/2022,791801820.0,Pfizer
01/29/2021,0.0,Pfizer
01/29/2022,794123700.0,Pfizer
01/30/2021,0.0,Pfizer
01/30/2022,794152640.0,Pfizer
01/31/2021,0.0,Pfizer
01/31/2022,794152440.0,Pfizer
02/01/2021,0.0,Pfizer
02/01/2022,795252980.0,Pfizer
02/01/2023,1163595890.0,Pfizer
02/02/2021,0.0,Pfizer
02/02/2022,796873580.0,Pfizer
02/03/2021,0.0,Pfizer
02/03/2022,798139740.0,Pfizer
02/04/2021,0.0,Pfizer
02/04/2022,799686440.0,Pfizer
02/05/2021,0.0,Pfizer
02/05/2022,799994440.0,Pfizer
02/06/2021,0.0,Pfizer
02/06/2022,800196040.0,Pfizer
02/07/2021,0.0,Pfizer
02/07/2022,800196240.0,Pfizer
02/08/2021,0.0,Pfizer
02/08/2022,801291760.0,Pfizer
02/09/2021,0.0,Pfizer
02/09/2022,803761720.0,Pfizer
02/10/2021,0.0,Pfizer
02/10/2022,805151100.0,Pfizer
02/11/2021,0.0,Pfizer
02/11/2022,806609600.0,Pfizer
02/12/2021,0.0,Pfizer
02/12/2022,807860200.0,Pfizer
02/13/2021,0.0,Pfizer
02/13/2022,807915000.0,Pfizer
02/14/2021,0.0,Pfizer
02/14/2022,807915200.0,Pfizer
02/15/2021,0.0,Pfizer
02/15/2022,808668500.0,Pfizer
02/16/2021,0.0,Pfizer
02/16/2022,809644600.0,Pfizer
02/17/2021,0.0,Pfizer
02/17/2022,810022500.0,Pfizer
02/18/2021,0.0,Pfizer
02/18/2022,811878900.0,Pfizer
02/19/2021,0.0,Pfizer
02/19/2022,812698300.0,Pfizer
02/20/2021,0.0,Pfizer
02/20/2022,812733300.0,Pfizer
02/21/2021,0.0,Pfizer
02/21/2022,812735300.0,Pfizer
02/22/2021,0.0,Pfizer
02/22/2022,813237200.0,Pfizer
02/23/2021,0.0,Pfizer
02/23/2022,814406000.0,Pfizer
02/24/2021,0.0,Pfizer
02/24/2022,814424480.0,Pfizer
02/25/2021,0.0,Pfizer
02/25/2022,816418180.0,Pfizer
02/26/2021,0.0,Pfizer
02/26/2022,817006980.0,Pfizer
02/27/2021,0.0,Pfizer
02/27/2022,817041380.0,Pfizer
02/28/2021,0.0,Pfizer
02/28/2022,817379380.0,Pfizer
03/01/2021,0.0,Pfizer
03/01/2022,817725180.0,Pfizer
03/02/2021,0.0,Pfizer
03/02/2022,818487920.0,Pfizer
03/03/2021,0.0,Pfizer
03/03/2022,818871420.0,Pfizer
03/04/2021,0.0,Pfizer
03/04/2022,820284760.0,Pfizer
03/05/2021,119152800.0,Pfizer
03/05/2022,821311460.0,Pfizer
03/06/2021,121539600.0,Pfizer
03/06/2022,821336860.0,Pfizer
03/07/2021,121642560.0,Pfizer
03/07/2022,821344260.0,Pfizer
03/08/2021,121677660.0,Pfizer
03/08/2022,821900860.0,Pfizer
03/09/2021,129894570.0,Pfizer
03/09/2022,822499860.0,Pfizer
03/10/2021,133096860.0,Pfizer
03/10/2022,822849060.0,Pfizer
03/11/2021,136134570.0,Pfizer
03/11/2022,823947260.0,Pfizer
03/12/2021,139076535.0,Pfizer
03/12/2022,823947260.0,Pfizer
03/13/2021,142834575.0,Pfizer
03/13/2022,823947260.0,Pfizer
03/14/2021,142836915.0,Pfizer
03/14/2022,824561860.0,Pfizer
03/15/2021,142901265.0,Pfizer
03/15/2022,825031260.0,Pfizer
03/16/2021,152791275.0,Pfizer
03/16/2022,825662260.0,Pfizer
03/17/2021,156816075.0,Pfizer
03/17/2022,826020860.0,Pfizer
03/18/2021,160461795.0,Pfizer
03/18/2022,827502260.0,Pfizer
03/19/2021,165555975.0,Pfizer
03/19/2022,827502260.0,Pfizer
03/20/2021,169278915.0,Pfizer
03/20/2022,827502260.0,Pfizer
03/21/2021,169319865.0,Pfizer
03/21/2022,827502260.0,Pfizer
03/22/2021,169383045.0,Pfizer
03/22/2022,827502260.0,Pfizer
03/23/2021,180025365.0,Pfizer
03/23/2022,828944000.0,Pfizer
03/24/2021,183908595.0,Pfizer
03/24/2022,829346700.0,Pfizer
03/25/2021,189172425.0,Pfizer
03/25/2022,829858500.0,Pfizer
03/26/2021,194291175.0,Pfizer
03/26/2022,830885600.0,Pfizer
03/27/2021,198783975.0,Pfizer
03/27/2022,830915800.0,Pfizer
03/28/2021,199250805.0,Pfizer
03/28/2022,830915800.0,Pfizer
03/29/2021,199255485.0,Pfizer
03/29/2022,831462200.0,Pfizer
03/30/2021,210574065.0,Pfizer
03/30/2022,832093400.0,Pfizer
03/31/2021,215919795.0,Pfizer
03/31/2022,832587400.0,Pfizer
04/01/2021,220735515.0,Pfizer
04/01/2022,832696360.0,Pfizer
04/02/2021,227066385.0,Pfizer
04/02/2022,835069560.0,Pfizer
04/03/2021,231441015.0,Pfizer
04/03/2022,835113560.0,Pfizer
04/04/2021,231844665.0,Pfizer
04/04/2022,835113560.0,Pfizer
04/05/2021,231844665.0,Pfizer
04/05/2022,835823960.0,Pfizer
04/06/2021,242891805.0,Pfizer
04/06/2022,837866160.0,Pfizer
04/07/2021,246594855.0,Pfizer
04/07/2022,838868360.0,Pfizer
04/08/2021,251451525.0,Pfizer
04/08/2022,841244460.0,Pfizer
04/09/2021,257245365.0,Pfizer
04/09/2022,841245060.0,Pfizer
04/10/2021,261403545.0,Pfizer
04/10/2022,843440860.0,Pfizer
04/11/2021,261405885.0,Pfizer
04/11/2022,843440860.0,Pfizer
04/12/2021,261421095.0,Pfizer
04/12/2022,844496960.0,Pfizer
04/13/2021,271184745.0,Pfizer
04/13/2022,845887560.0,Pfizer
04/14/2021,276516435.0,Pfizer
04/14/2022,846811360.0,Pfizer
04/15/2021,281689005.0,Pfizer
04/15/2022,849356160.0,Pfizer
04/16/2021,287168115.0,Pfizer
04/16/2022,851060860.0,Pfizer
04/17/2021,295920885.0,Pfizer
04/17/2022,851128160.0,Pfizer
04/18/2021,296421645.0,Pfizer
04/18/2022,851128160.0,Pfizer
04/19/2021,296421645.0,Pfizer
04/19/2022,851765860.0,Pfizer
04/20/2021,308266725.0,Pfizer
04/20/2022,853098260.0,Pfizer
04/21/2021,312957255.0,Pfizer
04/21/2022,854013660.0,Pfizer
04/22/2021,319027215.0,Pfizer
04/22/2022,855830260.0,Pfizer
04/23/2021,325048035.0,Pfizer
04/23/2022,857410660.0,Pfizer
04/24/2021,331280625.0,Pfizer
04/24/2022,857415260.0,Pfizer
04/25/2021,331326255.0,Pfizer
04/25/2022,857466660.0,Pfizer
04/26/2021,331326255.0,Pfizer
04/26/2022,858317960.0,Pfizer
04/27/2021,341369535.0,Pfizer
04/27/2022,859248800.0,Pfizer
04/28/2021,345404865.0,Pfizer
04/28/2022,859872400.0,Pfizer
04/29/2021,349945635.0,Pfizer
04/29/2022,861530100.0,Pfizer
04/30/2021,354337815.0,Pfizer
04/30/2022,863362700.0,Pfizer
05/01/2021,359210865.0,Pfizer
05/01/2022,863386300.0,Pfizer
05/02/2021,359213205.0,Pfizer
05/02/2022,863386900.0,Pfizer
05/03/2021,359213205.0,Pfizer
05/03/2022,864011800.0,Pfizer
05/04/2021,366724605.0,Pfizer
05/04/2022,864821200.0,Pfizer
05/05/2021,369897645.0,Pfizer
05/05/2022,865337000.0,Pfizer
05/06/2021,373552725.0,Pfizer
05/06/2022,867091900.0,Pfizer
05/07/2021,376130235.0,Pfizer
05/07/2022,867865400.0,Pfizer
05/08/2021,380143335.0,Pfizer
05/08/2022,867916800.0,Pfizer
05/09/2021,380145675.0,Pfizer
05/09/2022,867918000.0,Pfizer
05/10/2021,380145675.0,Pfizer
05/10/2022,868626400.0,Pfizer
05/11/2021,386728095.0,Pfizer
05/11/2022,869494300.0,Pfizer
05/12/2021,390553995.0,Pfizer
05/12/2022,870148000.0,Pfizer
05/13/2021,393559725.0,Pfizer
05/13/2022,872021700.0,Pfizer
05/14/2021,397052175.0,Pfizer
05/14/2022,873206500.0,Pfizer
05/15/2021,401106225.0,Pfizer
05/15/2022,873216100.0,Pfizer
05/16/2021,401106225.0,Pfizer
05/16/2022,873428500.0,Pfizer
05/17/2021,401164725.0,Pfizer
05/17/2022,873808900.0,Pfizer
05/18/2021,404205555.0,Pfizer
05/18/2022,874726500.0,Pfizer
05/19/2021,407815005.0,Pfizer
05/19/2022,875171600.0,Pfizer
05/20/2021,410181915.0,Pfizer
05/20/2022,877485100.0,Pfizer
05/21/2021,415157925.0,Pfizer
05/21/2022,879194000.0,Pfizer
05/22/2021,419097315.0,Pfizer
05/22/2022,879226800.0,Pfizer
05/23/2021,419098485.0,Pfizer
05/23/2022,879226800.0,Pfizer
05/24/2021,419098485.0,Pfizer
05/24/2022,880484900.0,Pfizer
05/25/2021,421697055.0,Pfizer
05/25/2022,881709000.0,Pfizer
05/26/2021,423112755.0,Pfizer
05/26/2022,882554700.0,Pfizer
05/27/2021,423791355.0,Pfizer
05/27/2022,884941000.0,Pfizer
05/28/2021,426210915.0,Pfizer
05/28/2022,886582200.0,Pfizer
05/29/2021,432235635.0,Pfizer
05/29/2022,886615200.0,Pfizer
05/30/2021,432271905.0,Pfizer
05/30/2022,886615200.0,Pfizer
05/31/2021,432271905.0,Pfizer
05/31/2022,886615200.0,Pfizer
06/01/2021,432326895.0,Pfizer
06/01/2022,887494200.0,Pfizer
06/02/2021,433663035.0,Pfizer
06/02/2022,888650300.0,Pfizer
06/03/2021,435213285.0,Pfizer
06/03/2022,889379300.0,Pfizer
06/04/2021,435759675.0,Pfizer
06/04/2022,891853200.0,Pfizer
06/05/2021,439553985.0,Pfizer
06/05/2022,891890800.0,Pfizer
06/06/2021,439553985.0,Pfizer
06/06/2022,891890800.0,Pfizer
06/07/2021,439562175.0,Pfizer
06/07/2022,892663400.0,Pfizer
06/08/2021,440302785.0,Pfizer
06/08/2022,893714700.0,Pfizer
06/09/2021,440825775.0,Pfizer
06/09/2022,894400000.0,Pfizer
06/10/2021,441065625.0,Pfizer
06/10/2022,896072100.0,Pfizer
06/11/2021,441996945.0,Pfizer
06/11/2022,897350900.0,Pfizer
06/12/2021,443687595.0,Pfizer
06/12/2022,897390500.0,Pfizer
06/13/2021,443687595.0,Pfizer
06/13/2022,897391700.0,Pfizer
06/14/2021,443748435.0,Pfizer
06/14/2022,898243800.0,Pfizer
06/15/2021,444441075.0,Pfizer
06/15/2022,899002400.0,Pfizer
06/16/2021,445173495.0,Pfizer
06/16/2022,899482900.0,Pfizer
06/17/2021,446400630.0,Pfizer
06/18/2021,447327270.0,Pfizer
06/19/2021,449030790.0,Pfizer
06/20/2021,449030790.0,Pfizer
06/21/2021,449030790.0,Pfizer
06/22/2021,449832240.0,Pfizer
06/22/2022,906366060.0,Pfizer
06/23/2021,450242910.0,Pfizer
06/24/2021,450949590.0,Pfizer
06/25/2021,452781810.0,Pfizer
06/26/2021,454245480.0,Pfizer
06/27/2021,454257180.0,Pfizer
06/28/2021,454257180.0,Pfizer
06/29/2021,455115960.0,Pfizer
06/29/2022,915422360.0,Pfizer
06/30/2021,455115960.0,Pfizer
07/01/2021,455115960.0,Pfizer
07/02/2021,455118300.0,Pfizer
07/03/2021,455202540.0,Pfizer
07/04/2021,455202540.0,Pfizer
07/05/2021,455202540.0,Pfizer
07/06/2021,455202540.0,Pfizer
07/06/2022,919798060.0,Pfizer
07/07/2021,455202540.0,Pfizer
07/08/2021,460155780.0,Pfizer
07/09/2021,460815840.0,Pfizer
07/10/2021,462459240.0,Pfizer
07/11/2021,462502440.0,Pfizer
07/12/2021,462502440.0,Pfizer
07/13/2021,462859290.0,Pfizer
07/13/2022,925492320.0,Pfizer
07/14/2021,463471335.0,Pfizer
07/15/2021,463808835.0,Pfizer
07/16/2021,464706585.0,Pfizer
07/17/2021,465733035.0,Pfizer
07/18/2021,465733035.0,Pfizer
07/19/2021,465957135.0,Pfizer
07/20/2021,467217135.0,Pfizer
07/20/2022,930238320.0,Pfizer
07/21/2021,467682885.0,Pfizer
07/22/2021,468898335.0,Pfizer
07/23/2021,471666735.0,Pfizer
07/24/2021,473130135.0,Pfizer
07/25/2021,473130135.0,Pfizer
07/26/2021,473130135.0,Pfizer
07/27/2021,473765085.0,Pfizer
07/27/2022,937066640.0,Pfizer
07/28/2021,474960735.0,Pfizer
07/29/2021,477518985.0,Pfizer
07/30/2021,480874635.0,Pfizer
07/31/2021,482805585.0,Pfizer
08/01/2021,482805585.0,Pfizer
08/02/2021,482805585.0,Pfizer
08/03/2021,483622335.0,Pfizer
08/03/2022,942467380.0,Pfizer
08/04/2021,484622685.0,Pfizer
08/05/2021,486127935.0,Pfizer
08/06/2021,490247235.0,Pfizer
08/07/2021,494434035.0,Pfizer
08/08/2021,494456535.0,Pfizer
08/09/2021,494456535.0,Pfizer
08/10/2021,495701235.0,Pfizer
08/10/2022,948502580.0,Pfizer
08/11/2021,497632995.0,Pfizer
08/12/2021,501255045.0,Pfizer
08/13/2021,506443095.0,Pfizer
08/14/2021,508664295.0,Pfizer
08/15/2021,508751595.0,Pfizer
08/16/2021,508751595.0,Pfizer
08/17/2021,511128045.0,Pfizer
08/17/2022,953586480.0,Pfizer
08/18/2021,514379295.0,Pfizer
08/19/2021,519173595.0,Pfizer
08/20/2021,525676455.0,Pfizer
08/21/2021,528996465.0,Pfizer
08/22/2021,529054965.0,Pfizer
08/23/2021,529054965.0,Pfizer
08/24/2021,529272585.0,Pfizer
08/24/2022,957995080.0,Pfizer
08/25/2021,532294065.0,Pfizer
08/26/2021,537727815.0,Pfizer
08/27/2021,542331225.0,Pfizer
08/28/2021,546043995.0,Pfizer
08/29/2021,546051015.0,Pfizer
08/30/2021,546055695.0,Pfizer
08/31/2021,547947585.0,Pfizer
08/31/2022,962142680.0,Pfizer
09/01/2021,551918025.0,Pfizer
09/02/2021,554086035.0,Pfizer
09/03/2021,557961075.0,Pfizer
09/04/2021,562680585.0,Pfizer
09/05/2021,562682925.0,Pfizer
09/06/2021,562682925.0,Pfizer
09/07/2021,562693455.0,Pfizer
09/07/2022,972369980.0,Pfizer
09/08/2021,563707845.0,Pfizer
09/09/2021,566752185.0,Pfizer
09/10/2021,569685375.0,Pfizer
09/11/2021,574373565.0,Pfizer
09/12/2021,574392285.0,Pfizer
09/13/2021,574408665.0,Pfizer
09/14/2021,576561195.0,Pfizer
09/14/2022,998962780.0,Pfizer
09/15/2021,579417165.0,Pfizer
09/16/2021,581475195.0,Pfizer
09/17/2021,585159525.0,Pfizer
09/18/2021,588566565.0,Pfizer
09/19/2021,588568905.0,Pfizer
09/20/2021,588609855.0,Pfizer
09/21/2021,589613715.0,Pfizer
09/21/2022,1014337680.0,Pfizer
09/22/2021,591465825.0,Pfizer
09/23/2021,592468515.0,Pfizer
09/24/2021,593885385.0,Pfizer
09/25/2021,595221525.0,Pfizer
09/26/2021,595235565.0,Pfizer
09/27/2021,595244925.0,Pfizer
09/28/2021,596522565.0,Pfizer
09/28/2022,1027877980.0,Pfizer
09/29/2021,598300965.0,Pfizer
09/30/2021,599543595.0,Pfizer
10/01/2021,603391725.0,Pfizer
10/02/2021,605844135.0,Pfizer
10/03/2021,606254805.0,Pfizer
10/04/2021,606422115.0,Pfizer
10/05/2021,608364405.0,Pfizer
10/05/2022,1038611180.0,Pfizer
10/06/2021,610225515.0,Pfizer
10/07/2021,613956555.0,Pfizer
10/08/2021,619767405.0,Pfizer
10/09/2021,622255635.0,Pfizer
10/10/2021,622290735.0,Pfizer
10/11/2021,622383165.0,Pfizer
10/12/2021,623845215.0,Pfizer
10/12/2022,1048855360.0,Pfizer
10/13/2021,625764015.0,Pfizer
10/14/2021,628873065.0,Pfizer
10/15/2021,632587725.0,Pfizer
10/16/2021,635718825.0,Pfizer
10/17/2021,635736375.0,Pfizer
10/18/2021,635724675.0,Pfizer
10/19/2021,637591545.0,Pfizer
10/19/2022,1064174560.0,Pfizer
10/20/2021,639275895.0,Pfizer
10/21/2021,641215035.0,Pfizer
10/22/2021,571207860.0,Pfizer
10/23/2021,572948190.0,Pfizer
10/24/2021,572997330.0,Pfizer
10/25/2021,572997330.0,Pfizer
10/26/2021,573940170.0,Pfizer
10/26/2022,1074810360.0,Pfizer
10/27/2021,576457020.0,Pfizer
10/28/2021,578433240.0,Pfizer
10/29/2021,583349580.0,Pfizer
10/30/2021,587249460.0,Pfizer
10/31/2021,587329920.0,Pfizer
11/01/2021,587325240.0,Pfizer
11/02/2021,591426180.0,Pfizer
11/02/2022,1118630570.0,Pfizer
11/03/2021,591515190.0,Pfizer
11/04/2021,591496470.0,Pfizer
11/05/2021,591755040.0,Pfizer
11/06/2021,591744240.0,Pfizer
11/07/2021,591746580.0,Pfizer
11/08/2021,591746580.0,Pfizer
11/09/2021,611509570.0,Pfizer
11/09/2022,1093065060.0,Pfizer
11/10/2021,618679300.0,Pfizer
11/11/2021,621728770.0,Pfizer
11/12/2021,628991980.0,Pfizer
11/13/2021,633182560.0,Pfizer
11/14/2021,633253900.0,Pfizer
11/15/2021,633253900.0,Pfizer
11/16/2021,636132860.0,Pfizer
11/16/2022,1101512280.0,Pfizer
11/17/2021,639227440.0,Pfizer
11/18/2021,642732910.0,Pfizer
11/19/2021,646583020.0,Pfizer
11/20/2021,651828250.0,Pfizer
11/21/2021,651909030.0,Pfizer
11/22/2021,651915710.0,Pfizer
11/23/2021,654696510.0,Pfizer
11/23/2022,1111887680.0,Pfizer
11/24/2021,661285780.0,Pfizer
11/25/2021,661285780.0,Pfizer
11/26/2021,661285780.0,Pfizer
11/27/2021,661285780.0,Pfizer
11/28/2021,661285780.0,Pfizer
11/29/2021,661625780.0,Pfizer
11/30/2021,664902820.0,Pfizer
11/30/2022,1115374280.0,Pfizer
12/01/2021,666473240.0,Pfizer
12/02/2021,670063370.0,Pfizer
12/03/2021,674593850.0,Pfizer
12/04/2021,674538300.0,Pfizer
12/05/2021,674529820.0,Pfizer
12/06/2021,674512060.0,Pfizer
12/07/2021,677393930.0,Pfizer
12/07/2022,1122447430.0,Pfizer
12/08/2021,684248630.0,Pfizer
12/09/2021,686479660.0,Pfizer
12/10/2021,692386030.0,Pfizer
12/11/2021,695042700.0,Pfizer
12/12/2021,695274800.0,Pfizer
12/13/2020,0.0,Pfizer
12/13/2021,695277060.0,Pfizer
12/14/2020,0.0,Pfizer
12/14/2021,699730410.0,Pfizer
12/14/2022,1129543810.0,Pfizer
12/15/2020,0.0,Pfizer
12/15/2021,703185250.0,Pfizer
12/16/2020,0.0,Pfizer
12/16/2021,705352110.0,Pfizer
12/17/2020,0.0,Pfizer
12/17/2021,713188400.0,Pfizer
12/18/2020,0.0,Pfizer
12/18/2021,717952740.0,Pfizer
12/19/2020,0.0,Pfizer
12/19/2021,718242840.0,Pfizer
12/20/2020,0.0,Pfizer
12/20/2021,718237840.0,Pfizer
12/21/2020,0.0,Pfizer
12/21/2021,721039510.0,Pfizer
12/21/2022,1135165680.0,Pfizer
12/22/2020,0.0,Pfizer
12/22/2021,723785980.0,Pfizer
12/23/2020,0.0,Pfizer
12/23/2021,728188970.0,Pfizer
12/24/2020,0.0,Pfizer
12/24/2021,729632610.0,Pfizer
12/25/2020,0.0,Pfizer
12/25/2021,729732090.0,Pfizer
12/26/2020,0.0,Pfizer
12/26/2021,729732690.0,Pfizer
12/27/2020,0.0,Pfizer
12/27/2021,729727890.0,Pfizer
12/28/2020,0.0,Pfizer
12/28/2021,729732690.0,Pfizer
12/28/2022,1139809270.0,Pfizer
12/29/2020,0.0,Pfizer
12/29/2021,736842870.0,Pfizer
12/30/2020,0.0,Pfizer
12/30/2021,739006580.0,Pfizer
12/31/2020,0.0,Pfizer
12/31/2021,739660060.0,Pfizer
01/01/2021,0.0,Novavax
01/01/2022,0.0,Novavax
01/02/2021,0.0,Novavax
01/02/2022,0.0,Novavax
01/03/2021,0.0,Novavax
01/03/2022,0.0,Novavax
01/04/2021,0.0,Novavax
01/04/2022,0.0,Novavax
01/04/2023,2104300.0,Novavax
01/05/2021,0.0,Novavax
01/05/2022,0.0,Novavax
01/06/2021,0.0,Novavax
01/06/2022,0.0,Novavax
01/07/2021,0.0,Novavax
01/07/2022,0.0,Novavax
01/08/2021,0.0,Novavax
01/08/2022,0.0,Novavax
01/09/2021,0.0,Novavax
01/09/2022,0.0,Novavax
01/10/2021,0.0,Novavax
01/10/2022,0.0,Novavax
01/11/2021,0.0,Novavax
01/11/2022,0.0,Novavax
01/11/2023,2133100.0,Novavax
01/12/2021,0.0,Novavax
01/12/2022,0.0,Novavax
01/13/2021,0.0,Novavax
01/13/2022,0.0,Novavax
01/14/2021,0.0,Novavax
01/14/2022,0.0,Novavax
01/15/2021,0.0,Novavax
01/15/2022,0.0,Novavax
01/16/2021,0.0,Novavax
01/16/2022,0.0,Novavax
01/17/2021,0.0,Novavax
01/17/2022,0.0,Novavax
01/18/2021,0.0,Novavax
01/18/2022,0.0,Novavax
01/18/2023,2154400.0,Novavax
01/19/2021,0.0,Novavax
01/19/2022,0.0,Novavax
01/20/2021,0.0,Novavax
01/20/2022,0.0,Novavax
01/21/2021,0.0,Novavax
01/21/2022,0.0,Novavax
01/22/2021,0.0,Novavax
01/22/2022,0.0,Novavax
01/23/2021,0.0,Novavax
01/23/2022,0.0,Novavax
01/24/2021,0.0,Novavax
01/24/2022,0.0,Novavax
01/25/2021,0.0,Novavax
01/25/2022,0.0,Novavax
01/25/2023,2193500.0,Novavax
01/26/2021,0.0,Novavax
01/26/2022,0.0,Novavax
01/27/2021,0.0,Novavax
01/27/2022,0.0,Novavax
01/28/2021,0.0,Novavax
01/28/2022,0.0,Novavax
01/29/2021,0.0,Novavax
01/29/2022,0.0,Novavax
01/30/2021,0.0,Novavax
01/30/2022,0.0,Novavax
01/31/2021,0.0,Novavax
01/31/2022,0.0,Novavax
02/01/2021,0.0,Novavax
02/01/2022,0.0,Novavax
02/01/2023,2217500.0,Novavax
02/02/2021,0.0,Novavax
02/02/2022,0.0,Novavax
02/03/2021,0.0,Novavax
02/03/2022,0.0,Novavax
02/04/2021,0.0,Novavax
02/04/2022,0.0,Novavax
02/05/2021,0.0,Novavax
02/05/2022,0.0,Novavax
02/06/2021,0.0,Novavax
02/06/2022,0.0,Novavax
02/07/2021,0.0,Novavax
02/07/2022,0.0,Novavax
02/08/2021,0.0,Novavax
02/08/2022,0.0,Novavax
02/09/2021,0.0,Novavax
02/09/2022,0.0,Novavax
02/10/2021,0.0,Novavax
02/10/2022,0.0,Novavax
02/11/2021,0.0,Novavax
02/11/2022,0.0,Novavax
02/12/2021,0.0,Novavax
02/12/2022,0.0,Novavax
02/13/2021,0.0,Novavax
02/13/2022,0.0,Novavax
02/14/2021,0.0,Novavax
02/14/2022,0.0,Novavax
02/15/2021,0.0,Novavax
02/15/2022,0.0,Novavax
02/16/2021,0.0,Novavax
02/16/2022,0.0,Novavax
02/17/2021,0.0,Novavax
02/17/2022,0.0,Novavax
02/18/2021,0.0,Novavax
02/18/2022,0.0,Novavax
02/19/2021,0.0,Novavax
02/19/2022,0.0,Novavax
02/20/2021,0.0,Novavax
02/20/2022,0.0,Novavax
02/21/2021,0.0,Novavax
02/21/2022,0.0,Novavax
02/22/2021,0.0,Novavax
02/22/2022,0.0,Novavax
02/23/2021,0.0,Novavax
02/23/2022,0.0,Novavax
02/24/2021,0.0,Novavax
02/24/2022,0.0,Novavax
02/25/2021,0.0,Novavax
02/25/2022,0.0,Novavax
02/26/2021,0.0,Novavax
02/26/2022,0.0,Novavax
02/27/2021,0.0,Novavax
02/27/2022,0.0,Novavax
02/28/2021,0.0,Novavax
02/28/2022,0.0,Novavax
03/01/2021,0.0,Novavax
03/01/2022,0.0,Novavax
03/02/2021,0.0,Novavax
03/02/2022,0.0,Novavax
03/03/2021,0.0,Novavax
03/03/2022,0.0,Novavax
03/04/2021,0.0,Novavax
03/04/2022,0.0,Novavax
03/05/2021,0.0,Novavax
03/05/2022,0.0,Novavax
03/06/2021,0.0,Novavax
03/06/2022,0.0,Novavax
03/07/2021,0.0,Novavax
03/07/2022,0.0,Novavax
03/08/2021,0.0,Novavax
03/08/2022,0.0,Novavax
03/09/2021,0.0,Novavax
03/09/2022,0.0,Novavax
03/10/2021,0.0,Novavax
03/10/2022,0.0,Novavax
03/11/2021,0.0,Novavax
03/11/2022,0.0,Novavax
03/12/2021,0.0,Novavax
03/12/2022,0.0,Novavax
03/13/2021,0.0,Novavax
03/13/2022,0.0,Novavax
03/14/2021,0.0,Novavax
03/14/2022,0.0,Novavax
03/15/2021,0.0,Novavax
03/15/2022,0.0,Novavax
03/16/2021,0.0,Novavax
03/16/2022,0.0,Novavax
03/17/2021,0.0,Novavax
03/17/2022,0.0,Novavax
03/18/2021,0.0,Novavax
03/18/2022,0.0,Novavax
03/19/2021,0.0,Novavax
03/19/2022,0.0,Novavax
03/20/2021,0.0,Novavax
03/20/2022,0.0,Novavax
03/21/2021,0.0,Novavax
03/21/2022,0.0,Novavax
03/22/2021,0.0,Novavax
03/22/2022,0.0,Novavax
03/23/2021,0.0,Novavax
03/23/2022,0.0,Novavax
03/24/2021,0.0,Novavax
03/24/2022,0.0,Novavax
03/25/2021,0.0,Novavax
03/25/2022,0.0,Novavax
03/26/2021,0.0,Novavax
03/26/2022,0.0,Novavax
03/27/2021,0.0,Novavax
03/27/2022,0.0,Novavax
03/28/2021,0.0,Novavax
03/28/2022,0.0,Novavax
03/29/2021,0.0,Novavax
03/29/2022,0.0,Novavax
03/30/2021,0.0,Novavax
03/30/2022,0.0,Novavax
03/31/2021,0.0,Novavax
03/31/2022,0.0,Novavax
04/01/2021,0.0,Novavax
04/01/2022,0.0,Novavax
04/02/2021,0.0,Novavax
04/02/2022,0.0,Novavax
04/03/2021,0.0,Novavax
04/03/2022,0.0,Novavax
04/04/2021,0.0,Novavax
04/04/2022,0.0,Novavax
04/05/2021,0.0,Novavax
04/05/2022,0.0,Novavax
04/06/2021,0.0,Novavax
04/06/2022,0.0,Novavax
04/07/2021,0.0,Novavax
04/07/2022,0.0,Novavax
04/08/2021,0.0,Novavax
04/08/2022,0.0,Novavax
04/09/2021,0.0,Novavax
04/09/2022,0.0,Novavax
04/10/2021,0.0,Novavax
04/10/2022,0.0,Novavax
04/11/2021,0.0,Novavax
04/11/2022,0.0,Novavax
04/12/2021,0.0,Novavax
04/12/2022,0.0,Novavax
04/13/2021,0.0,Novavax
04/13/2022,0.0,Novavax
04/14/2021,0.0,Novavax
04/14/2022,0.0,Novavax
04/15/2021,0.0,Novavax
04/15/2022,0.0,Novavax
04/16/2021,0.0,Novavax
04/16/2022,0.0,Novavax
04/17/2021,0.0,Novavax
04/17/2022,0.0,Novavax
04/18/2021,0.0,Novavax
04/18/2022,0.0,Novavax
04/19/2021,0.0,Novavax
04/19/2022,0.0,Novavax
04/20/2021,0.0,Novavax
04/20/2022,0.0,Novavax
04/21/2021,0.0,Novavax
04/21/2022,0.0,Novavax
04/22/2021,0.0,Novavax
04/22/2022,0.0,Novavax
04/23/2021,0.0,Novavax
04/23/2022,0.0,Novavax
04/24/2021,0.0,Novavax
04/24/2022,0.0,Novavax
04/25/2021,0.0,Novavax
04/25/2022,0.0,Novavax
04/26/2021,0.0,Novavax
04/26/2022,0.0,Novavax
04/27/2021,0.0,Novavax
04/27/2022,0.0,Novavax
04/28/2021,0.0,Novavax
04/28/2022,0.0,Novavax
04/29/2021,0.0,Novavax
04/29/2022,0.0,Novavax
04/30/2021,0.0,Novavax
04/30/2022,0.0,Novavax
05/01/2021,0.0,Novavax
05/01/2022,0.0,Novavax
05/02/2021,0.0,Novavax
05/02/2022,0.0,Novavax
05/03/2021,0.0,Novavax
05/03/2022,0.0,Novavax
05/04/2021,0.0,Novavax
05/04/2022,0.0,Novavax
05/05/2021,0.0,Novavax
05/05/2022,0.0,Novavax
05/06/2021,0.0,Novavax
05/06/2022,0.0,Novavax
05/07/2021,0.0,Novavax
05/07/2022,0.0,Novavax
05/08/2021,0.0,Novavax
05/08/2022,0.0,Novavax
05/09/2021,0.0,Novavax
05/09/2022,0.0,Novavax
05/10/2021,0.0,Novavax
05/10/2022,0.0,Novavax
05/11/2021,0.0,Novavax
05/11/2022,0.0,Novavax
05/12/2021,0.0,Novavax
05/12/2022,0.0,Novavax
05/13/2021,0.0,Novavax
05/13/2022,0.0,Novavax
05/14/2021,0.0,Novavax
05/14/2022,0.0,Novavax
05/15/2021,0.0,Novavax
05/15/2022,0.0,Novavax
05/16/2021,0.0,Novavax
05/16/2022,0.0,Novavax
05/17/2021,0.0,Novavax
05/17/2022,0.0,Novavax
05/18/2021,0.0,Novavax
05/18/2022,0.0,Novavax
05/19/2021,0.0,Novavax
05/19/2022,0.0,Novavax
05/20/2021,0.0,Novavax
05/20/2022,0.0,Novavax
05/21/2021,0.0,Novavax
05/21/2022,0.0,Novavax
05/22/2021,0.0,Novavax
05/22/2022,0.0,Novavax
05/23/2021,0.0,Novavax
05/23/2022,0.0,Novavax
05/24/2021,0.0,Novavax
05/24/2022,0.0,Novavax
05/25/2021,0.0,Novavax
05/25/2022,0.0,Novavax
05/26/2021,0.0,Novavax
05/26/2022,0.0,Novavax
05/27/2021,0.0,Novavax
05/27/2022,0.0,Novavax
05/28/2021,0.0,Novavax
05/28/2022,0.0,Novavax
05/29/2021,0.0,Novavax
05/29/2022,0.0,Novavax
05/30/2021,0.0,Novavax
05/30/2022,0.0,Novavax
05/31/2021,0.0,Novavax
05/31/2022,0.0,Novavax
06/01/2021,0.0,Novavax
06/01/2022,0.0,Novavax
06/02/2021,0.0,Novavax
06/02/2022,0.0,Novavax
06/03/2021,0.0,Novavax
06/03/2022,0.0,Novavax
06/04/2021,0.0,Novavax
06/04/2022,0.0,Novavax
06/05/2021,0.0,Novavax
06/05/2022,0.0,Novavax
06/06/2021,0.0,Novavax
06/06/2022,0.0,Novavax
06/07/2021,0.0,Novavax
06/07/2022,0.0,Novavax
06/08/2021,0.0,Novavax
06/08/2022,0.0,Novavax
06/09/2021,0.0,Novavax
06/09/2022,0.0,Novavax
06/10/2021,0.0,Novavax
06/10/2022,0.0,Novavax
06/11/2021,0.0,Novavax
06/11/2022,0.0,Novavax
06/12/2021,0.0,Novavax
06/12/2022,0.0,Novavax
06/13/2021,0.0,Novavax
06/13/2022,0.0,Novavax
06/14/2021,0.0,Novavax
06/14/2022,0.0,Novavax
06/15/2021,0.0,Novavax
06/15/2022,0.0,Novavax
06/16/2021,0.0,Novavax
06/16/2022,0.0,Novavax
06/17/2021,0.0,Novavax
06/18/2021,0.0,Novavax
06/19/2021,0.0,Novavax
06/20/2021,0.0,Novavax
06/21/2021,0.0,Novavax
06/22/2021,0.0,Novavax
06/22/2022,0.0,Novavax
06/23/2021,0.0,Novavax
06/24/2021,0.0,Novavax
06/25/2021,0.0,Novavax
06/26/2021,0.0,Novavax
06/27/2021,0.0,Novavax
06/28/2021,0.0,Novavax
06/29/2021,0.0,Novavax
06/29/2022,0.0,Novavax
06/30/2021,0.0,Novavax
07/01/2021,0.0,Novavax
07/02/2021,0.0,Novavax
07/03/2021,0.0,Novavax
07/04/2021,0.0,Novavax
07/05/2021,0.0,Novavax
07/06/2021,0.0,Novavax
07/06/2022,0.0,Novavax
07/07/2021,0.0,Novavax
07/08/2021,0.0,Novavax
07/09/2021,0.0,Novavax
07/10/2021,0.0,Novavax
07/11/2021,0.0,Novavax
07/12/2021,0.0,Novavax
07/13/2021,0.0,Novavax
07/13/2022,0.0,Novavax
07/14/2021,0.0,Novavax
07/15/2021,0.0,Novavax
07/16/2021,0.0,Novavax
07/17/2021,0.0,Novavax
07/18/2021,0.0,Novavax
07/19/2021,0.0,Novavax
07/20/2021,0.0,Novavax
07/20/2022,0.0,Novavax
07/21/2021,0.0,Novavax
07/22/2021,0.0,Novavax
07/23/2021,0.0,Novavax
07/24/2021,0.0,Novavax
07/25/2021,0.0,Novavax
07/26/2021,0.0,Novavax
07/27/2021,0.0,Novavax
07/27/2022,106900.0,Novavax
07/28/2021,0.0,Novavax
07/29/2021,0.0,Novavax
07/30/2021,0.0,Novavax
07/31/2021,0.0,Novavax
08/01/2021,0.0,Novavax
08/02/2021,0.0,Novavax
08/03/2021,0.0,Novavax
08/03/2022,677400.0,Novavax
08/04/2021,0.0,Novavax
08/05/2021,0.0,Novavax
08/06/2021,0.0,Novavax
08/07/2021,0.0,Novavax
08/08/2021,0.0,Novavax
08/09/2021,0.0,Novavax
08/10/2021,0.0,Novavax
08/10/2022,1025300.0,Novavax
08/11/2021,0.0,Novavax
08/12/2021,0.0,Novavax
08/13/2021,0.0,Novavax
08/14/2021,0.0,Novavax
08/15/2021,0.0,Novavax
08/16/2021,0.0,Novavax
08/17/2021,0.0,Novavax
08/17/2022,1175100.0,Novavax
08/18/2021,0.0,Novavax
08/19/2021,0.0,Novavax
08/20/2021,0.0,Novavax
08/21/2021,0.0,Novavax
08/22/2021,0.0,Novavax
08/23/2021,0.0,Novavax
08/24/2021,0.0,Novavax
08/24/2022,1285800.0,Novavax
08/25/2021,0.0,Novavax
08/26/2021,0.0,Novavax
08/27/2021,0.0,Novavax
08/28/2021,0.0,Novavax
08/29/2021,0.0,Novavax
08/30/2021,0.0,Novavax
08/31/2021,0.0,Novavax
08/31/2022,1397500.0,Novavax
09/01/2021,0.0,Novavax
09/02/2021,0.0,Novavax
09/03/2021,0.0,Novavax
09/04/2021,0.0,Novavax
09/05/2021,0.0,Novavax
09/06/2021,0.0,Novavax
09/07/2021,0.0,Novavax
09/07/2022,1448300.0,Novavax
09/08/2021,0.0,Novavax
09/09/2021,0.0,Novavax
09/10/2021,0.0,Novavax
09/11/2021,0.0,Novavax
09/12/2021,0.0,Novavax
09/13/2021,0.0,Novavax
09/14/2021,0.0,Novavax
09/14/2022,1584500.0,Novavax
09/15/2021,0.0,Novavax
09/16/2021,0.0,Novavax
09/17/2021,0.0,Novavax
09/18/2021,0.0,Novavax
09/19/2021,0.0,Novavax
09/20/2021,0.0,Novavax
09/21/2021,0.0,Novavax
09/21/2022,1651600.0,Novavax
09/22/2021,0.0,Novavax
09/23/2021,0.0,Novavax
09/24/2021,0.0,Novavax
09/25/2021,0.0,Novavax
09/26/2021,0.0,Novavax
09/27/2021,0.0,Novavax
09/28/2021,0.0,Novavax
09/28/2022,1693900.0,Novavax
09/29/2021,0.0,Novavax
09/30/2021,0.0,Novavax
10/01/2021,0.0,Novavax
10/02/2021,0.0,Novavax
10/03/2021,0.0,Novavax
10/04/2021,0.0,Novavax
10/05/2021,0.0,Novavax
10/05/2022,1723600.0,Novavax
10/06/2021,0.0,Novavax
10/07/2021,0.0,Novavax
10/08/2021,0.0,Novavax
10/09/2021,0.0,Novavax
10/10/2021,0.0,Novavax
10/11/2021,0.0,Novavax
10/12/2021,0.0,Novavax
10/12/2022,1755400.0,Novavax
10/13/2021,0.0,Novavax
10/14/2021,0.0,Novavax
10/15/2021,0.0,Novavax
10/16/2021,0.0,Novavax
10/17/2021,0.0,Novavax
10/18/2021,0.0,Novavax
10/19/2021,0.0,Novavax
10/19/2022,1787000.0,Novavax
10/20/2021,0.0,Novavax
10/21/2021,0.0,Novavax
10/22/2021,0.0,Novavax
10/23/2021,0.0,Novavax
10/24/2021,0.0,Novavax
10/25/2021,0.0,Novavax
10/26/2021,0.0,Novavax
10/26/2022,1825400.0,Novavax
10/27/2021,0.0,Novavax
10/28/2021,0.0,Novavax
10/29/2021,0.0,Novavax
10/30/2021,0.0,Novavax
10/31/2021,0.0,Novavax
11/01/2021,0.0,Novavax
11/02/2021,0.0,Novavax
11/02/2022,1948600.0,Novavax
11/03/2021,0.0,Novavax
11/04/2021,0.0,Novavax
11/05/2021,0.0,Novavax
11/06/2021,0.0,Novavax
11/07/2021,0.0,Novavax
11/08/2021,0.0,Novavax
11/09/2021,0.0,Novavax
11/09/2022,1910000.0,Novavax
11/10/2021,0.0,Novavax
11/11/2021,0.0,Novavax
11/12/2021,0.0,Novavax
11/13/2021,0.0,Novavax
11/14/2021,0.0,Novavax
11/15/2021,0.0,Novavax
11/16/2021,0.0,Novavax
11/16/2022,1944400.0,Novavax
11/17/2021,0.0,Novavax
11/18/2021,0.0,Novavax
11/19/2021,0.0,Novavax
11/20/2021,0.0,Novavax
11/21/2021,0.0,Novavax
11/22/2021,0.0,Novavax
11/23/2021,0.0,Novavax
11/23/2022,1973700.0,Novavax
11/24/2021,0.0,Novavax
11/25/2021,0.0,Novavax
11/26/2021,0.0,Novavax
11/27/2021,0.0,Novavax
11/28/2021,0.0,Novavax
11/29/2021,0.0,Novavax
11/30/2021,0.0,Novavax
11/30/2022,1988400.0,Novavax
12/01/2021,0.0,Novavax
12/02/2021,0.0,Novavax
12/03/2021,0.0,Novavax
12/04/2021,0.0,Novavax
12/05/2021,0.0,Novavax
12/06/2021,0.0,Novavax
12/07/2021,0.0,Novavax
12/07/2022,2016500.0,Novavax
12/08/2021,0.0,Novavax
12/09/2021,0.0,Novavax
12/10/2021,0.0,Novavax
12/11/2021,0.0,Novavax
12/12/2021,0.0,Novavax
12/13/2020,0.0,Novavax
12/13/2021,0.0,Novavax
12/14/2020,0.0,Novavax
12/14/2021,0.0,Novavax
12/14/2022,2057300.0,Novavax
12/15/2020,0.0,Novavax
12/15/2021,0.0,Novavax
12/16/2020,0.0,Novavax
12/16/2021,0.0,Novavax
12/17/2020,0.0,Novavax
12/17/2021,0.0,Novavax
12/18/2020,0.0,Novavax
12/18/2021,0.0,Novavax
12/19/2020,0.0,Novavax
12/19/2021,0.0,Novavax
12/20/2020,0.0,Novavax
12/20/2021,0.0,Novavax
12/21/2020,0.0,Novavax
12/21/2021,0.0,Novavax
12/21/2022,2088700.0,Novavax
12/22/2020,0.0,Novavax
12/22/2021,0.0,Novavax
12/23/2020,0.0,Novavax
12/23/2021,0.0,Novavax
12/24/2020,0.0,Novavax
12/24/2021,0.0,Novavax
12/25/2020,0.0,Novavax
12/25/2021,0.0,Novavax
12/26/2020,0.0,Novavax
12/26/2021,0.0,Novavax
12/27/2020,0.0,Novavax
12/27/2021,0.0,Novavax
12/28/2020,0.0,Novavax
12/28/2021,0.0,Novavax
12/28/2022,2094300.0,Novavax
12/29/2020,0.0,Novavax
12/29/2021,0.0,Novavax
12/30/2020,0.0,Novavax
12/30/2021,0.0,Novavax
12/31/2020,0.0,Novavax
12/31/2021,0.0,Novavax
01/01/2021,0.0,Unk_Manuf
01/01/2022,0.0,Unk_Manuf
01/02/2021,0.0,Unk_Manuf
01/02/2022,0.0,Unk_Manuf
01/03/2021,0.0,Unk_Manuf
01/03/2022,0.0,Unk_Manuf
01/04/2021,0.0,Unk_Manuf
01/04/2022,0.0,Unk_Manuf
01/04/2023,0.0,Unk_Manuf
01/05/2021,0.0,Unk_Manuf
01/05/2022,0.0,Unk_Manuf
01/06/2021,0.0,Unk_Manuf
01/06/2022,0.0,Unk_Manuf
01/07/2021,0.0,Unk_Manuf
01/07/2022,0.0,Unk_Manuf
01/08/2021,0.0,Unk_Manuf
01/08/2022,0.0,Unk_Manuf
01/09/2021,0.0,Unk_Manuf
01/09/2022,0.0,Unk_Manuf
01/10/2021,0.0,Unk_Manuf
01/10/2022,0.0,Unk_Manuf
01/11/2021,0.0,Unk_Manuf
01/11/2022,0.0,Unk_Manuf
01/11/2023,0.0,Unk_Manuf
01/12/2021,0.0,Unk_Manuf
01/12/2022,0.0,Unk_Manuf
01/13/2021,0.0,Unk_Manuf
01/13/2022,0.0,Unk_Manuf
01/14/2021,0.0,Unk_Manuf
01/14/2022,0.0,Unk_Manuf
01/15/2021,0.0,Unk_Manuf
01/15/2022,0.0,Unk_Manuf
01/16/2021,0.0,Unk_Manuf
01/16/2022,0.0,Unk_Manuf
01/17/2021,0.0,Unk_Manuf
01/17/2022,0.0,Unk_Manuf
01/18/2021,0.0,Unk_Manuf
01/18/2022,0.0,Unk_Manuf
01/18/2023,0.0,Unk_Manuf
01/19/2021,0.0,Unk_Manuf
01/19/2022,0.0,Unk_Manuf
01/20/2021,0.0,Unk_Manuf
01/20/2022,0.0,Unk_Manuf
01/21/2021,0.0,Unk_Manuf
01/21/2022,0.0,Unk_Manuf
01/22/2021,0.0,Unk_Manuf
01/22/2022,0.0,Unk_Manuf
01/23/2021,0.0,Unk_Manuf
01/23/2022,0.0,Unk_Manuf
01/24/2021,0.0,Unk_Manuf
01/24/2022,0.0,Unk_Manuf
01/25/2021,0.0,Unk_Manuf
01/25/2022,0.0,Unk_Manuf
01/25/2023,0.0,Unk_Manuf
01/26/2021,0.0,Unk_Manuf
01/26/2022,0.0,Unk_Manuf
01/27/2021,0.0,Unk_Manuf
01/27/2022,0.0,Unk_Manuf
01/28/2021,0.0,Unk_Manuf
01/28/2022,0.0,Unk_Manuf
01/29/2021,0.0,Unk_Manuf
01/29/2022,0.0,Unk_Manuf
01/30/2021,0.0,Unk_Manuf
01/30/2022,0.0,Unk_Manuf
01/31/2021,0.0,Unk_Manuf
01/31/2022,0.0,Unk_Manuf
02/01/2021,0.0,Unk_Manuf
02/01/2022,0.0,Unk_Manuf
02/01/2023,0.0,Unk_Manuf
02/02/2021,0.0,Unk_Manuf
02/02/2022,0.0,Unk_Manuf
02/03/2021,0.0,Unk_Manuf
02/03/2022,0.0,Unk_Manuf
02/04/2021,0.0,Unk_Manuf
02/04/2022,0.0,Unk_Manuf
02/05/2021,0.0,Unk_Manuf
02/05/2022,0.0,Unk_Manuf
02/06/2021,0.0,Unk_Manuf
02/06/2022,0.0,Unk_Manuf
02/07/2021,0.0,Unk_Manuf
02/07/2022,0.0,Unk_Manuf
02/08/2021,0.0,Unk_Manuf
02/08/2022,0.0,Unk_Manuf
02/09/2021,0.0,Unk_Manuf
02/09/2022,0.0,Unk_Manuf
02/10/2021,0.0,Unk_Manuf
02/10/2022,0.0,Unk_Manuf
02/11/2021,0.0,Unk_Manuf
02/11/2022,0.0,Unk_Manuf
02/12/2021,0.0,Unk_Manuf
02/12/2022,0.0,Unk_Manuf
02/13/2021,0.0,Unk_Manuf
02/13/2022,0.0,Unk_Manuf
02/14/2021,0.0,Unk_Manuf
02/14/2022,0.0,Unk_Manuf
02/15/2021,0.0,Unk_Manuf
02/15/2022,0.0,Unk_Manuf
02/16/2021,0.0,Unk_Manuf
02/16/2022,0.0,Unk_Manuf
02/17/2021,0.0,Unk_Manuf
02/17/2022,0.0,Unk_Manuf
02/18/2021,0.0,Unk_Manuf
02/18/2022,0.0,Unk_Manuf
02/19/2021,0.0,Unk_Manuf
02/19/2022,0.0,Unk_Manuf
02/20/2021,0.0,Unk_Manuf
02/20/2022,0.0,Unk_Manuf
02/21/2021,0.0,Unk_Manuf
02/21/2022,0.0,Unk_Manuf
02/22/2021,0.0,Unk_Manuf
02/22/2022,0.0,Unk_Manuf
02/23/2021,0.0,Unk_Manuf
02/23/2022,0.0,Unk_Manuf
02/24/2021,0.0,Unk_Manuf
02/24/2022,0.0,Unk_Manuf
02/25/2021,0.0,Unk_Manuf
02/25/2022,0.0,Unk_Manuf
02/26/2021,0.0,Unk_Manuf
02/26/2022,0.0,Unk_Manuf
02/27/2021,0.0,Unk_Manuf
02/27/2022,0.0,Unk_Manuf
02/28/2021,0.0,Unk_Manuf
02/28/2022,0.0,Unk_Manuf
03/01/2021,0.0,Unk_Manuf
03/01/2022,0.0,Unk_Manuf
03/02/2021,0.0,Unk_Manuf
03/02/2022,0.0,Unk_Manuf
03/03/2021,0.0,Unk_Manuf
03/03/2022,0.0,Unk_Manuf
03/04/2021,0.0,Unk_Manuf
03/04/2022,0.0,Unk_Manuf
03/05/2021,0.0,Unk_Manuf
03/05/2022,0.0,Unk_Manuf
03/06/2021,0.0,Unk_Manuf
03/06/2022,0.0,Unk_Manuf
03/07/2021,0.0,Unk_Manuf
03/07/2022,0.0,Unk_Manuf
03/08/2021,0.0,Unk_Manuf
03/08/2022,0.0,Unk_Manuf
03/09/2021,0.0,Unk_Manuf
03/09/2022,0.0,Unk_Manuf
03/10/2021,0.0,Unk_Manuf
03/10/2022,0.0,Unk_Manuf
03/11/2021,0.0,Unk_Manuf
03/11/2022,0.0,Unk_Manuf
03/12/2021,0.0,Unk_Manuf
03/12/2022,0.0,Unk_Manuf
03/13/2021,0.0,Unk_Manuf
03/13/2022,0.0,Unk_Manuf
03/14/2021,0.0,Unk_Manuf
03/14/2022,0.0,Unk_Manuf
03/15/2021,0.0,Unk_Manuf
03/15/2022,0.0,Unk_Manuf
03/16/2021,0.0,Unk_Manuf
03/16/2022,0.0,Unk_Manuf
03/17/2021,0.0,Unk_Manuf
03/17/2022,0.0,Unk_Manuf
03/18/2021,0.0,Unk_Manuf
03/18/2022,0.0,Unk_Manuf
03/19/2021,0.0,Unk_Manuf
03/19/2022,0.0,Unk_Manuf
03/20/2021,0.0,Unk_Manuf
03/20/2022,0.0,Unk_Manuf
03/21/2021,0.0,Unk_Manuf
03/21/2022,0.0,Unk_Manuf
03/22/2021,0.0,Unk_Manuf
03/22/2022,0.0,Unk_Manuf
03/23/2021,0.0,Unk_Manuf
03/23/2022,0.0,Unk_Manuf
03/24/2021,0.0,Unk_Manuf
03/24/2022,0.0,Unk_Manuf
03/25/2021,0.0,Unk_Manuf
03/25/2022,0.0,Unk_Manuf
03/26/2021,0.0,Unk_Manuf
03/26/2022,0.0,Unk_Manuf
03/27/2021,0.0,Unk_Manuf
03/27/2022,0.0,Unk_Manuf
03/28/2021,0.0,Unk_Manuf
03/28/2022,0.0,Unk_Manuf
03/29/2021,0.0,Unk_Manuf
03/29/2022,0.0,Unk_Manuf
03/30/2021,0.0,Unk_Manuf
03/30/2022,0.0,Unk_Manuf
03/31/2021,0.0,Unk_Manuf
03/31/2022,0.0,Unk_Manuf
04/01/2021,0.0,Unk_Manuf
04/01/2022,0.0,Unk_Manuf
04/02/2021,0.0,Unk_Manuf
04/02/2022,0.0,Unk_Manuf
04/03/2021,0.0,Unk_Manuf
04/03/2022,0.0,Unk_Manuf
04/04/2021,0.0,Unk_Manuf
04/04/2022,0.0,Unk_Manuf
04/05/2021,0.0,Unk_Manuf
04/05/2022,0.0,Unk_Manuf
04/06/2021,0.0,Unk_Manuf
04/06/2022,0.0,Unk_Manuf
04/07/2021,0.0,Unk_Manuf
04/07/2022,0.0,Unk_Manuf
04/08/2021,0.0,Unk_Manuf
04/08/2022,0.0,Unk_Manuf
04/09/2021,0.0,Unk_Manuf
04/09/2022,0.0,Unk_Manuf
04/10/2021,0.0,Unk_Manuf
04/10/2022,0.0,Unk_Manuf
04/11/2021,0.0,Unk_Manuf
04/11/2022,0.0,Unk_Manuf
04/12/2021,0.0,Unk_Manuf
04/12/2022,0.0,Unk_Manuf
04/13/2021,0.0,Unk_Manuf
04/13/2022,0.0,Unk_Manuf
04/14/2021,0.0,Unk_Manuf
04/14/2022,0.0,Unk_Manuf
04/15/2021,0.0,Unk_Manuf
04/15/2022,0.0,Unk_Manuf
04/16/2021,0.0,Unk_Manuf
04/16/2022,0.0,Unk_Manuf
04/17/2021,0.0,Unk_Manuf
04/17/2022,0.0,Unk_Manuf
04/18/2021,0.0,Unk_Manuf
04/18/2022,0.0,Unk_Manuf
04/19/2021,0.0,Unk_Manuf
04/19/2022,0.0,Unk_Manuf
04/20/2021,0.0,Unk_Manuf
04/20/2022,0.0,Unk_Manuf
04/21/2021,0.0,Unk_Manuf
04/21/2022,0.0,Unk_Manuf
04/22/2021,0.0,Unk_Manuf
04/22/2022,0.0,Unk_Manuf
04/23/2021,0.0,Unk_Manuf
04/23/2022,0.0,Unk_Manuf
04/24/2021,0.0,Unk_Manuf
04/24/2022,0.0,Unk_Manuf
04/25/2021,0.0,Unk_Manuf
04/25/2022,0.0,Unk_Manuf
04/26/2021,0.0,Unk_Manuf
04/26/2022,0.0,Unk_Manuf
04/27/2021,0.0,Unk_Manuf
04/27/2022,0.0,Unk_Manuf
04/28/2021,0.0,Unk_Manuf
04/28/2022,0.0,Unk_Manuf
04/29/2021,0.0,Unk_Manuf
04/29/2022,0.0,Unk_Manuf
04/30/2021,0.0,Unk_Manuf
04/30/2022,0.0,Unk_Manuf
05/01/2021,0.0,Unk_Manuf
05/01/2022,0.0,Unk_Manuf
05/02/2021,0.0,Unk_Manuf
05/02/2022,0.0,Unk_Manuf
05/03/2021,0.0,Unk_Manuf
05/03/2022,0.0,Unk_Manuf
05/04/2021,0.0,Unk_Manuf
05/04/2022,0.0,Unk_Manuf
05/05/2021,0.0,Unk_Manuf
05/05/2022,0.0,Unk_Manuf
05/06/2021,0.0,Unk_Manuf
05/06/2022,0.0,Unk_Manuf
05/07/2021,0.0,Unk_Manuf
05/07/2022,0.0,Unk_Manuf
05/08/2021,0.0,Unk_Manuf
05/08/2022,0.0,Unk_Manuf
05/09/2021,0.0,Unk_Manuf
05/09/2022,0.0,Unk_Manuf
05/10/2021,0.0,Unk_Manuf
05/10/2022,0.0,Unk_Manuf
05/11/2021,0.0,Unk_Manuf
05/11/2022,0.0,Unk_Manuf
05/12/2021,0.0,Unk_Manuf
05/12/2022,0.0,Unk_Manuf
05/13/2021,0.0,Unk_Manuf
05/13/2022,0.0,Unk_Manuf
05/14/2021,0.0,Unk_Manuf
05/14/2022,0.0,Unk_Manuf
05/15/2021,0.0,Unk_Manuf
05/15/2022,0.0,Unk_Manuf
05/16/2021,0.0,Unk_Manuf
05/16/2022,0.0,Unk_Manuf
05/17/2021,0.0,Unk_Manuf
05/17/2022,0.0,Unk_Manuf
05/18/2021,0.0,Unk_Manuf
05/18/2022,0.0,Unk_Manuf
05/19/2021,0.0,Unk_Manuf
05/19/2022,0.0,Unk_Manuf
05/20/2021,0.0,Unk_Manuf
05/20/2022,0.0,Unk_Manuf
05/21/2021,0.0,Unk_Manuf
05/21/2022,0.0,Unk_Manuf
05/22/2021,0.0,Unk_Manuf
05/22/2022,0.0,Unk_Manuf
05/23/2021,0.0,Unk_Manuf
05/23/2022,0.0,Unk_Manuf
05/24/2021,0.0,Unk_Manuf
05/24/2022,0.0,Unk_Manuf
05/25/2021,0.0,Unk_Manuf
05/25/2022,0.0,Unk_Manuf
05/26/2021,0.0,Unk_Manuf
05/26/2022,0.0,Unk_Manuf
05/27/2021,0.0,Unk_Manuf
05/27/2022,0.0,Unk_Manuf
05/28/2021,0.0,Unk_Manuf
05/28/2022,0.0,Unk_Manuf
05/29/2021,0.0,Unk_Manuf
05/29/2022,0.0,Unk_Manuf
05/30/2021,0.0,Unk_Manuf
05/30/2022,0.0,Unk_Manuf
05/31/2021,0.0,Unk_Manuf
05/31/2022,0.0,Unk_Manuf
06/01/2021,0.0,Unk_Manuf
06/01/2022,6000.0,Unk_Manuf
06/02/2021,0.0,Unk_Manuf
06/02/2022,6000.0,Unk_Manuf
06/03/2021,0.0,Unk_Manuf
06/03/2022,6000.0,Unk_Manuf
06/04/2021,0.0,Unk_Manuf
06/04/2022,17400.0,Unk_Manuf
06/05/2021,0.0,Unk_Manuf
06/05/2022,17400.0,Unk_Manuf
06/06/2021,0.0,Unk_Manuf
06/06/2022,17400.0,Unk_Manuf
06/07/2021,0.0,Unk_Manuf
06/07/2022,27600.0,Unk_Manuf
06/08/2021,0.0,Unk_Manuf
06/08/2022,37800.0,Unk_Manuf
06/09/2021,0.0,Unk_Manuf
06/09/2022,38100.0,Unk_Manuf
06/10/2021,0.0,Unk_Manuf
06/10/2022,40800.0,Unk_Manuf
06/11/2021,0.0,Unk_Manuf
06/11/2022,40800.0,Unk_Manuf
06/12/2021,0.0,Unk_Manuf
06/12/2022,40800.0,Unk_Manuf
06/13/2021,0.0,Unk_Manuf
06/13/2022,41100.0,Unk_Manuf
06/14/2021,0.0,Unk_Manuf
06/14/2022,44100.0,Unk_Manuf
06/15/2021,0.0,Unk_Manuf
06/15/2022,45300.0,Unk_Manuf
06/16/2021,0.0,Unk_Manuf
06/16/2022,45300.0,Unk_Manuf
06/17/2021,0.0,Unk_Manuf
06/18/2021,0.0,Unk_Manuf
06/19/2021,0.0,Unk_Manuf
06/20/2021,0.0,Unk_Manuf
06/21/2021,0.0,Unk_Manuf
06/22/2021,0.0,Unk_Manuf
06/22/2022,59000.0,Unk_Manuf
06/23/2021,0.0,Unk_Manuf
06/24/2021,4950.0,Unk_Manuf
06/25/2021,4950.0,Unk_Manuf
06/26/2021,6300.0,Unk_Manuf
06/27/2021,6300.0,Unk_Manuf
06/28/2021,6300.0,Unk_Manuf
06/29/2021,7650.0,Unk_Manuf
06/29/2022,0.0,Unk_Manuf
06/30/2021,7650.0,Unk_Manuf
07/01/2021,7650.0,Unk_Manuf
07/02/2021,7650.0,Unk_Manuf
07/03/2021,9450.0,Unk_Manuf
07/04/2021,9450.0,Unk_Manuf
07/05/2021,9450.0,Unk_Manuf
07/06/2021,9450.0,Unk_Manuf
07/06/2022,0.0,Unk_Manuf
07/07/2021,10800.0,Unk_Manuf
07/08/2021,0.0,Unk_Manuf
07/09/2021,0.0,Unk_Manuf
07/10/2021,0.0,Unk_Manuf
07/11/2021,0.0,Unk_Manuf
07/12/2021,0.0,Unk_Manuf
07/13/2021,0.0,Unk_Manuf
07/13/2022,0.0,Unk_Manuf
07/14/2021,10350.0,Unk_Manuf
07/15/2021,10350.0,Unk_Manuf
07/16/2021,10350.0,Unk_Manuf
07/17/2021,10350.0,Unk_Manuf
07/18/2021,10350.0,Unk_Manuf
07/19/2021,10350.0,Unk_Manuf
07/20/2021,19350.0,Unk_Manuf
07/20/2022,0.0,Unk_Manuf
07/21/2021,19350.0,Unk_Manuf
07/22/2021,19350.0,Unk_Manuf
07/23/2021,19350.0,Unk_Manuf
07/24/2021,19350.0,Unk_Manuf
07/25/2021,19350.0,Unk_Manuf
07/26/2021,19350.0,Unk_Manuf
07/27/2021,19350.0,Unk_Manuf
07/27/2022,0.0,Unk_Manuf
07/28/2021,19350.0,Unk_Manuf
07/29/2021,19350.0,Unk_Manuf
07/30/2021,19350.0,Unk_Manuf
07/31/2021,19350.0,Unk_Manuf
08/01/2021,19350.0,Unk_Manuf
08/02/2021,19350.0,Unk_Manuf
08/03/2021,19350.0,Unk_Manuf
08/03/2022,0.0,Unk_Manuf
08/04/2021,19350.0,Unk_Manuf
08/05/2021,19350.0,Unk_Manuf
08/06/2021,19350.0,Unk_Manuf
08/07/2021,19350.0,Unk_Manuf
08/08/2021,19350.0,Unk_Manuf
08/09/2021,19350.0,Unk_Manuf
08/10/2021,19350.0,Unk_Manuf
08/10/2022,100.0,Unk_Manuf
08/11/2021,19350.0,Unk_Manuf
08/12/2021,19350.0,Unk_Manuf
08/13/2021,19350.0,Unk_Manuf
08/14/2021,19350.0,Unk_Manuf
08/15/2021,19350.0,Unk_Manuf
08/16/2021,19350.0,Unk_Manuf
08/17/2021,19350.0,Unk_Manuf
08/17/2022,17100.0,Unk_Manuf
08/18/2021,19350.0,Unk_Manuf
08/19/2021,19350.0,Unk_Manuf
08/20/2021,19350.0,Unk_Manuf
08/21/2021,19350.0,Unk_Manuf
08/22/2021,19350.0,Unk_Manuf
08/23/2021,19350.0,Unk_Manuf
08/24/2021,19350.0,Unk_Manuf
08/24/2022,0.0,Unk_Manuf
08/25/2021,19350.0,Unk_Manuf
08/26/2021,19350.0,Unk_Manuf
08/27/2021,19350.0,Unk_Manuf
08/28/2021,19350.0,Unk_Manuf
08/29/2021,19350.0,Unk_Manuf
08/30/2021,19350.0,Unk_Manuf
08/31/2021,19350.0,Unk_Manuf
08/31/2022,0.0,Unk_Manuf
09/01/2021,19350.0,Unk_Manuf
09/02/2021,19350.0,Unk_Manuf
09/03/2021,19350.0,Unk_Manuf
09/04/2021,19350.0,Unk_Manuf
09/05/2021,19350.0,Unk_Manuf
09/06/2021,19350.0,Unk_Manuf
09/07/2021,19350.0,Unk_Manuf
09/07/2022,0.0,Unk_Manuf
09/08/2021,19350.0,Unk_Manuf
09/09/2021,19350.0,Unk_Manuf
09/10/2021,19350.0,Unk_Manuf
09/11/2021,19350.0,Unk_Manuf
09/12/2021,19350.0,Unk_Manuf
09/13/2021,19350.0,Unk_Manuf
09/14/2021,19350.0,Unk_Manuf
09/14/2022,0.0,Unk_Manuf
09/15/2021,19350.0,Unk_Manuf
09/16/2021,19350.0,Unk_Manuf
09/17/2021,19350.0,Unk_Manuf
09/18/2021,19350.0,Unk_Manuf
09/19/2021,19350.0,Unk_Manuf
09/20/2021,19350.0,Unk_Manuf
09/21/2021,19350.0,Unk_Manuf
09/21/2022,0.0,Unk_Manuf
09/22/2021,19350.0,Unk_Manuf
09/23/2021,19350.0,Unk_Manuf
09/24/2021,19350.0,Unk_Manuf
09/25/2021,19350.0,Unk_Manuf
09/26/2021,19350.0,Unk_Manuf
09/27/2021,19350.0,Unk_Manuf
09/28/2021,19350.0,Unk_Manuf
09/28/2022,0.0,Unk_Manuf
09/29/2021,19350.0,Unk_Manuf
09/30/2021,19350.0,Unk_Manuf
10/01/2021,19350.0,Unk_Manuf
10/02/2021,19350.0,Unk_Manuf
10/03/2021,19350.0,Unk_Manuf
10/04/2021,19350.0,Unk_Manuf
10/05/2021,19350.0,Unk_Manuf
10/05/2022,0.0,Unk_Manuf
10/06/2021,19350.0,Unk_Manuf
10/07/2021,19350.0,Unk_Manuf
10/08/2021,19350.0,Unk_Manuf
10/09/2021,19350.0,Unk_Manuf
10/10/2021,19350.0,Unk_Manuf
10/11/2021,19350.0,Unk_Manuf
10/12/2021,19350.0,Unk_Manuf
10/12/2022,0.0,Unk_Manuf
10/13/2021,19350.0,Unk_Manuf
10/14/2021,19350.0,Unk_Manuf
10/15/2021,19350.0,Unk_Manuf
10/16/2021,19350.0,Unk_Manuf
10/17/2021,19350.0,Unk_Manuf
10/18/2021,19350.0,Unk_Manuf
10/19/2021,19350.0,Unk_Manuf
10/19/2022,0.0,Unk_Manuf
10/20/2021,19350.0,Unk_Manuf
10/21/2021,19350.0,Unk_Manuf
10/22/2021,19350.0,Unk_Manuf
10/23/2021,19350.0,Unk_Manuf
10/24/2021,19350.0,Unk_Manuf
10/25/2021,19350.0,Unk_Manuf
10/26/2021,19350.0,Unk_Manuf
10/26/2022,0.0,Unk_Manuf
10/27/2021,19350.0,Unk_Manuf
10/28/2021,19350.0,Unk_Manuf
10/29/2021,19350.0,Unk_Manuf
10/30/2021,19350.0,Unk_Manuf
10/31/2021,19350.0,Unk_Manuf
11/01/2021,19350.0,Unk_Manuf
11/02/2021,712650.0,Unk_Manuf
11/02/2022,0.0,Unk_Manuf
11/03/2021,5756650.0,Unk_Manuf
11/04/2021,8947750.0,Unk_Manuf
11/05/2021,12350050.0,Unk_Manuf
11/06/2021,14226250.0,Unk_Manuf
11/07/2021,16617250.0,Unk_Manuf
11/08/2021,16632850.0,Unk_Manuf
11/09/2021,0.0,Unk_Manuf
11/09/2022,0.0,Unk_Manuf
11/10/2021,0.0,Unk_Manuf
11/11/2021,0.0,Unk_Manuf
11/12/2021,0.0,Unk_Manuf
11/13/2021,0.0,Unk_Manuf
11/14/2021,0.0,Unk_Manuf
11/15/2021,0.0,Unk_Manuf
11/16/2021,0.0,Unk_Manuf
11/16/2022,0.0,Unk_Manuf
11/17/2021,0.0,Unk_Manuf
11/18/2021,0.0,Unk_Manuf
11/19/2021,0.0,Unk_Manuf
11/20/2021,0.0,Unk_Manuf
11/21/2021,0.0,Unk_Manuf
11/22/2021,0.0,Unk_Manuf
11/23/2021,0.0,Unk_Manuf
11/23/2022,0.0,Unk_Manuf
11/24/2021,0.0,Unk_Manuf
11/25/2021,0.0,Unk_Manuf
11/26/2021,0.0,Unk_Manuf
11/27/2021,0.0,Unk_Manuf
11/28/2021,0.0,Unk_Manuf
11/29/2021,0.0,Unk_Manuf
11/30/2021,0.0,Unk_Manuf
11/30/2022,0.0,Unk_Manuf
12/01/2021,0.0,Unk_Manuf
12/02/2021,0.0,Unk_Manuf
12/03/2021,0.0,Unk_Manuf
12/04/2021,0.0,Unk_Manuf
12/05/2021,0.0,Unk_Manuf
12/06/2021,0.0,Unk_Manuf
12/07/2021,0.0,Unk_Manuf
12/07/2022,0.0,Unk_Manuf
12/08/2021,0.0,Unk_Manuf
12/09/2021,0.0,Unk_Manuf
12/10/2021,0.0,Unk_Manuf
12/11/2021,0.0,Unk_Manuf
12/12/2021,0.0,Unk_Manuf
12/13/2020,0.0,Unk_Manuf
12/13/2021,0.0,Unk_Manuf
12/14/2020,0.0,Unk_Manuf
12/14/2021,0.0,Unk_Manuf
12/14/2022,9800.0,Unk_Manuf
12/15/2020,0.0,Unk_Manuf
12/15/2021,0.0,Unk_Manuf
12/16/2020,0.0,Unk_Manuf
12/16/2021,0.0,Unk_Manuf
12/17/2020,0.0,Unk_Manuf
12/17/2021,0.0,Unk_Manuf
12/18/2020,0.0,Unk_Manuf
12/18/2021,0.0,Unk_Manuf
12/19/2020,0.0,Unk_Manuf
12/19/2021,0.0,Unk_Manuf
12/20/2020,0.0,Unk_Manuf
12/20/2021,0.0,Unk_Manuf
12/21/2020,0.0,Unk_Manuf
12/21/2021,0.0,Unk_Manuf
12/21/2022,2125500.0,Unk_Manuf
12/22/2020,0.0,Unk_Manuf
12/22/2021,0.0,Unk_Manuf
12/23/2020,0.0,Unk_Manuf
12/23/2021,0.0,Unk_Manuf
12/24/2020,0.0,Unk_Manuf
12/24/2021,0.0,Unk_Manuf
12/25/2020,0.0,Unk_Manuf
12/25/2021,0.0,Unk_Manuf
12/26/2020,0.0,Unk_Manuf
12/26/2021,0.0,Unk_Manuf
12/27/2020,0.0,Unk_Manuf
12/27/2021,0.0,Unk_Manuf
12/28/2020,0.0,Unk_Manuf
12/28/2021,0.0,Unk_Manuf
12/28/2022,0.0,Unk_Manuf
12/29/2020,0.0,Unk_Manuf
12/29/2021,0.0,Unk_Manuf
12/30/2020,0.0,Unk_Manuf
12/30/2021,0.0,Unk_Manuf
12/31/2020,0.0,Unk_Manuf
12/31/2021,0.0,Unk_Manuf
