Date,MMWR_week,Location,Distributed,Distributed_Janssen,Distributed_Moderna,Distributed_Pfizer,Distributed_Novavax,Distributed_Unk_Manuf,Dist_Per_100K,Distributed_Per_100k_5Plus,Distributed_Per_100k_12Plus,Distributed_Per_100k_18Plus,Distributed_Per_100k_65Plus,Administered,Administered_5Plus,Administered_12Plus,Administered_18Plus,Administered_65Plus,Administered_Janssen,Administered_Moderna,Administered_Pfizer,Administered_Novavax,Administered_Unk_Manuf,Admin_Per_100K,Admin_Per_100k_5Plus,Admin_Per_100k_12Plus,Admin_Per_100k_18Plus,Admin_Per_100k_65Plus,Recip_Administered,Administered_Dose1_Recip,Administered_Dose1_Pop_Pct,Administered_Dose1_Recip_5Plus,Administered_Dose1_Recip_5PlusPop_Pct,Administered_Dose1_Recip_12Plus,Administered_Dose1_Recip_12PlusPop_Pct,Administered_Dose1_Recip_18Plus,Administered_Dose1_Recip_18PlusPop_Pct,Administered_Dose1_Recip_65Plus,Administered_Dose1_Recip_65PlusPop_Pct,Series_Complete_Yes,Series_Complete_Pop_Pct,Series_Complete_5Plus,Series_Complete_5PlusPop_Pct,Series_Complete_12Plus,Series_Complete_12PlusPop_Pct,Series_Complete_18Plus,Series_Complete_18PlusPop_Pct,Series_Complete_65Plus,Series_Complete_65PlusPop_Pct,Series_Complete_Janssen,Series_Complete_Moderna,Series_Complete_Pfizer,Series_Complete_Novavax,Series_Complete_Unk_Manuf,Series_Complete_Janssen_5Plus,Series_Complete_Moderna_5Plus,Series_Complete_Pfizer_5Plus,Series_Complete_Unk_Manuf_5Plus,Series_Complete_Janssen_12Plus,Series_Complete_Moderna_12Plus,Series_Complete_Pfizer_12Plus,Series_Complete_Unk_Manuf_12Plus,Series_Complete_Janssen_18Plus,Series_Complete_Moderna_18Plus,Series_Complete_Pfizer_18Plus,Series_Complete_Unk_Manuf_18Plus,Series_Complete_Janssen_65Plus,Series_Complete_Moderna_65Plus,Series_Complete_Pfizer_65Plus,Series_Complete_Unk_Manuf_65Plus,Additional_Doses,Additional_Doses_Vax_Pct,Additional_Doses_5Plus,Additional_Doses_5Plus_Vax_Pct,Additional_Doses_12Plus,Additional_Doses_12Plus_Vax_Pct,Additional_Doses_18Plus,Additional_Doses_18Plus_Vax_Pct,Additional_Doses_50Plus,Additional_Doses_50Plus_Vax_Pct,Additional_Doses_65Plus,Additional_Doses_65Plus_Vax_Pct,Additional_Doses_Moderna,Additional_Doses_Pfizer,Additional_Doses_Janssen,Additional_Doses_Unk_Manuf,Second_Booster,Second_Booster_50Plus,Second_Booster_50Plus_Vax_Pct,Second_Booster_65Plus,Second_Booster_65Plus_Vax_Pct,Second_Booster_Janssen,Second_Booster_Moderna,Second_Booster_Pfizer,Second_Booster_Unk_Manuf,Administered_Bivalent,Admin_Bivalent_PFR,Admin_Bivalent_MOD,Dist_Bivalent_PFR,Dist_Bivalent_MOD,Bivalent_Booster_5Plus,Bivalent_Booster_5Plus_Pop_Pct,Bivalent_Booster_12Plus,Bivalent_Booster_12Plus_Pop_Pct,Bivalent_Booster_18Plus,Bivalent_Booster_18Plus_Pop_Pct,Bivalent_Booster_65Plus,Bivalent_Booster_65Plus_Pop_Pct
2023-02-01,5,AL,12069210,402300,5165260,6479350,22300.0,0,246150,261872.0,288263,316372,1420180,6971439,6954382.0,6817945,6485480,2226502,179774,3017910,3772167,713.0,875.0,142182,150893.0,162841,170005,261992,7121899,3184573,64.9,3175681.0,68.9,3100775,74.1,2928270,76.8,838547,95.0,2604726,53.1,2601340.0,56.4,2548337,60.9,2411114,63.2,723614,85.1,168817,1063129,1369266,222.0,1027.0,168808.0,1062609.0,1368675.0,1027.0,168802,1062429,1315865,1021.0,168698,1061632,1179560,1011.0,37219,383140,302709,522.0,1033545.0,39.7,1033216.0,39.7,1027578.0,40.3,1002420.0,41.6,749607.0,53.4,455561.0,63.0,495776.0,521054.0,16405.0,255.0,,293600.0,39.2,204187.0,44.8,330.0,161272.0,173535.0,50.0,,,,,,345616.0,7.5,344325.0,8.2,337596.0,8.8,187525.0,22.1
2023-02-01,5,DE,3231895,102300,1204600,1921095,3900.0,0,331897,351658.0,384838,419622,1710850,2152406,2141317.0,2074247,1951681,703388,63574,820039,1266002,173.0,2618.0,221040,232994.0,246991,253402,372348,2125383,858189,88.1,852923.0,92.8,820254,95.0,767636,95.0,224656,95.0,713369,73.3,710963.0,77.4,684446,81.5,639469,83.0,193220,95.0,58056,249080,403871,66.0,884.0,58052.0,248533.0,403429.0,883.0,58045,248408,377058,869.0,57995,248174,332408,827.0,10096,80105,102613,397.0,366703.0,51.4,366623.0,51.6,360848.0,52.7,345039.0,54.0,243552.0,65.8,143977.0,74.5,151528.0,209706.0,5341.0,124.0,,132577.0,54.4,89632.0,62.3,92.0,65589.0,92716.0,29.0,,,,,,193796.0,21.1,190946.0,22.7,185393.0,24.1,97012.0,51.4
2023-02-01,5,AR,8173760,264200,3355620,4528740,25200.0,0,270851,288893.0,319631,352675,1560230,4838797,4820822.0,4685885,4405455,1493030,126231,2061641,2642659,3616.0,4650.0,160342,170387.0,183239,190083,284994,4890864,2107392,69.8,2096972.0,74.1,2025184,79.2,1885278,81.3,522906,95.0,1714777,56.8,1710592.0,60.5,1657181,64.8,1543631,66.6,440059,84.0,115930,691077,904058,829.0,1413.0,115808.0,689523.0,903129.0,1397.0,115799,689220,850494,1330.0,115348,687860,738928,1242.0,15954,245840,177643,583.0,762595.0,44.5,762428.0,44.6,753669.0,45.5,727769.0,47.1,510217.0,60.0,308871.0,70.2,357455.0,393457.0,10331.0,642.0,,241380.0,47.3,167619.0,54.3,122.0,136551.0,149260.0,142.0,,,,,,310674.0,11.0,306951.0,12.0,299643.0,12.9,166729.0,31.8
2023-02-01,5,VA,26078095,803000,9083000,16164595,27500.0,0,305524,324757.0,356893,390702,1919050,19413886,19257017.0,18434755,17196333,4891965,509455,6888173,11998682,2185.0,15391.0,227448,239812.0,252290,257636,359993,19639241,7762027,90.9,7685853.0,95.0,7303410,95.0,6757088,95.0,1560119,95.0,6532633,76.5,6489333.0,80.8,6166924,84.4,5687569,85.2,1326523,95.0,462880,2117433,3928763,711.0,5811.0,462774.0,2099438.0,3920680.0,5730.0,461938,2096776,3602287,5213.0,460352,2090164,3131873,4500.0,73883,614269,636983,1272.0,3479159.0,53.3,3476669.0,53.6,3393369.0,55.0,3210642.0,56.5,1945552.0,68.7,1031857.0,77.8,1356142.0,2075084.0,46063.0,1658.0,,1078380.0,55.4,649840.0,63.0,915.0,600076.0,877353.0,558.0,,,,,,1685219.0,21.0,1640292.0,22.4,1574983.0,23.6,662613.0,48.8
2023-02-01,5,KY,11810995,393500,4699200,6707695,10600.0,0,264366,281545.0,310312,340885,1573620,7454022,7423471.0,7222862,6841048,2249622,241375,3034510,4174944,424.0,2769.0,166843,176957.0,189767,197444,299724,7536309,3073532,68.8,3058236.0,72.9,2957468,77.7,2776923,80.1,749519,95.0,2661336,59.6,2654206.0,63.3,2571471,67.6,2415325,69.7,670864,89.4,215448,1013558,1426794,201.0,2008.0,215425.0,1010257.0,1426316.0,2007.0,215412,1009767,1344108,1985.0,215273,1009222,1188774,1874.0,39076,306853,324020,888.0,1287934.0,48.4,1287689.0,48.5,1272521.0,49.5,1230410.0,50.9,846311.0,63.3,486983.0,72.6,563847.0,699110.0,24559.0,387.0,,409631.0,48.4,272042.0,55.9,319.0,210685.0,286040.0,154.0,,,,,,524335.0,12.5,517486.0,13.6,504655.0,14.6,260523.0,34.7
2023-02-01,5,MS,7071965,234400,2776360,4054505,6700.0,0,237621,253233.0,280475,310505,1453070,4276877,4270447.0,4178969,3951383,1324176,95634,1724390,2451976,275.0,4602.0,143705,152916.0,165738,173491,272076,4339051,1833420,61.6,1829644.0,65.5,1781592,70.7,1665612,73.1,456154,93.7,1596571,53.6,1595305.0,57.1,1556661,61.7,1459677,64.1,419222,86.1,88484,602581,902904,96.0,1983.0,88471.0,601876.0,902885.0,1977.0,88459,601680,864498,1928.0,88357,601191,768247,1786.0,17908,212372,188233,696.0,656540.0,41.1,656523.0,41.2,652032.0,41.9,635589.0,43.5,473066.0,57.0,280443.0,66.9,296283.0,350603.0,8567.0,1062.0,,183579.0,38.8,125600.0,44.8,155.0,99163.0,108255.0,298.0,,,,,,179471.0,6.4,178245.0,7.1,175111.0,7.7,100580.0,20.7
2023-02-01,5,KS,8107045,262000,3019140,4805705,20200.0,0,278276,297181.0,330671,366327,1705000,5331274,5292020.0,5099372,4769072,1573629,139144,1996124,3186021,709.0,9276.0,182997,193990.0,207994,215496,330951,5458291,2218475,76.1,2199691.0,80.6,2104718,85.8,1951983,88.2,512099,95.0,1900513,65.2,1890744.0,69.3,1813677,74.0,1682510,76.0,461421,95.0,128376,666366,1097754,216.0,2206.0,128372.0,662602.0,1097370.0,2184.0,128359,662167,1020864,2072.0,128223,661616,890590,1878.0,18754,214625,227335,665.0,930297.0,48.9,930011.0,49.2,912456.0,50.3,871638.0,51.8,573187.0,64.3,337008.0,73.0,380603.0,537263.0,11629.0,756.0,,301026.0,52.5,203706.0,60.4,253.0,149073.0,230187.0,344.0,,,,,,432156.0,15.8,422890.0,17.2,407591.0,18.4,201910.0,42.5
2023-02-01,5,MD,21683380,616200,7267260,13770020,29900.0,0,358659,381498.0,419986,460272,2260110,14560215,14431680.0,13805372,12830113,3585314,370592,5241929,8920060,3033.0,24601.0,240837,253912.0,267396,272344,373705,14708037,5540242,91.6,5479369.0,95.0,5191954,95.0,4778290,95.0,1054510,95.0,4814877,79.6,4778395.0,84.1,4527739,87.7,4162870,88.4,952134,95.0,331220,1597550,2865487,784.0,6525.0,331177.0,1576437.0,2863530.0,6491.0,331019,1574967,2614993,6035.0,330780,1573587,2252774,5059.0,55629,450829,444085,1502.0,2727944.0,56.7,2725162.0,57.0,2654528.0,58.6,2501760.0,60.1,1502947.0,72.4,763462.0,80.2,1076336.0,1612787.0,36696.0,1860.0,,914946.0,60.9,531914.0,69.7,847.0,517554.0,756412.0,1191.0,,,,,,1372282.0,24.1,1334352.0,25.8,1276739.0,27.1,507968.0,52.9
2023-02-01,5,NE,5319600,152200,1798180,3363420,5800.0,0,274999,294955.0,328897,364772,1702500,3777423,3752891.0,3609179,3376390,1103997,96279,1323346,2347392,397.0,10009.0,195275,208086.0,223146,231524,353327,3795191,1418530,73.3,1405844.0,77.9,1339548,82.8,1239220,85.0,317985,95.0,1280669,66.2,1273124.0,70.6,1215452,75.1,1124677,77.1,297280,95.0,89911,431991,754840,135.0,2401.0,89894.0,426255.0,754454.0,2386.0,89881,425984,697148,2304.0,89801,425630,607019,2100.0,7091,143043,146082,1048.0,709768.0,55.4,709199.0,55.7,692902.0,57.0,658533.0,58.6,415659.0,71.9,239054.0,80.4,263511.0,437958.0,7147.0,1110.0,,239014.0,57.5,155990.0,65.3,129.0,104767.0,208125.0,598.0,,,,,,314868.0,17.5,307952.0,19.0,296325.0,20.3,142079.0,45.5
2023-02-01,5,FL,59929875,2466100,21915820,35494855,53100.0,0,279033,294670.0,320549,347464,1332560,41828165,41743419.0,40843058,38793468,14405871,1505411,15545893,24596726,3619.0,176516.0,194751,205248.0,218458,224918,320320,41685215,17691493,82.4,17643734.0,86.8,17179243,91.9,16175991,93.8,4931075,95.0,14891661,69.3,14869974.0,73.1,14500836,77.6,13667396,79.2,4234069,94.1,1385589,5021652,8426280,1189.0,50409.0,1384765.0,5008358.0,8425614.0,50048.0,1384701,5007025,8060034,47890.0,1383671,5004453,7232303,45822.0,216559,2023826,1970123,23333.0,6526761.0,43.8,6526076.0,43.9,6479104.0,44.7,6301692.0,46.1,4577729.0,58.2,2801483.0,66.2,2722531.0,3680594.0,110447.0,12942.0,,2037242.0,44.5,1430067.0,51.0,2363.0,1073960.0,1264505.0,5569.0,,,,,,2269454.0,11.2,2248388.0,12.0,2208362.0,12.8,1283765.0,28.5
2023-02-01,5,TN,16782660,531300,6223140,10012820,15400.0,0,245749,261389.0,287593,315516,1467800,11229236,11190770.0,10936343,10416119,3500074,270733,4287196,6591619,1672.0,78016.0,164430,174296.0,187408,195824,306113,11055841,4396792,64.4,4376246.0,68.2,4251201,72.8,4006703,75.3,1080109,94.5,3840944,56.2,3832280.0,59.7,3728223,63.9,3519645,66.2,990877,86.7,240405,1360682,2221003,474.0,14706.0,240363.0,1355881.0,2220876.0,14689.0,240342,1355431,2117521,14535.0,240064,1354489,1910484,14235.0,36293,491719,455735,7066.0,1843114.0,48.0,1842826.0,48.1,1823095.0,48.9,1770157.0,50.3,1220449.0,62.7,715724.0,72.2,759036.0,1054855.0,23364.0,5681.0,,576876.0,47.3,388432.0,54.3,782.0,293758.0,403790.0,3308.0,,,,,,659600.0,10.3,651532.0,11.2,635933.0,12.0,331561.0,29.0
2023-02-01,5,PA,41376205,1566200,15386020,24368185,55800.0,0,323201,341837.0,373380,406951,1728790,27192543,26994222.0,26066451,24605125,8359244,799268,10419034,15970221,2073.0,1947.0,212409,223018.0,235224,242001,349268,27256321,11584651,90.5,11488353.0,94.9,11042799,95.0,10367306,95.0,2903143,95.0,9379292,73.3,9316560.0,77.0,8952474,80.8,8401668,82.6,2432309,95.0,740434,3354211,5265693,771.0,883.0,740377.0,3312158.0,5262378.0,876.0,740310,3308951,4901571,871.0,739736,3305219,4355169,804.0,93240,1135373,1203266,322.0,4433457.0,47.3,4430912.0,47.6,4347676.0,48.6,4171013.0,49.6,2859173.0,60.6,1668245.0,68.6,1860677.0,2508571.0,63977.0,195.0,,1407071.0,49.2,940565.0,56.4,507.0,724407.0,1023816.0,57.0,,,,,,2242741.0,18.5,2198552.0,19.8,2129205.0,20.9,1043212.0,43.6
2023-02-01,5,ME,4803830,158600,1807020,2832510,5700.0,0,357371,375101.0,405408,438558,1683990,3493099,3467666.0,3354970,3180907,1184026,145222,1401837,1940284,370.0,5386.0,259862,270769.0,283135,290396,415062,3498631,1308497,95.0,1296715.0,95.0,1246365,95.0,1175215,95.0,364857,95.0,1118976,83.2,1112351.0,86.9,1067236,90.1,1003107,91.6,302770,95.0,133044,403843,577074,120.0,1321.0,133025.0,401476.0,576414.0,1316.0,133022,401250,531574,1270.0,132958,401092,467826,1118.0,24816,139960,137535,445.0,680683.0,60.8,680490.0,61.2,666728.0,62.5,637698.0,63.6,431575.0,74.0,247017.0,81.6,298265.0,370417.0,11103.0,872.0,,273370.0,63.3,178622.0,72.3,117.0,139246.0,203880.0,323.0,,,,,,386311.0,30.2,378426.0,31.9,366725.0,33.5,189182.0,66.3
2023-02-01,5,AZ,19355070,619700,7181220,11535750,18400.0,0,265913,282600.0,311874,343267,1479030,14435516,14366834.0,13831073,12896499,4395847,384876,5564240,8431726,1974.0,52700.0,198325,209768.0,222864,228723,335911,14068532,5637681,77.5,5600298.0,81.8,5336865,86.0,4907881,87.0,1338395,95.0,4800233,65.9,4786056.0,69.9,4578707,73.8,4224361,74.9,1184486,90.5,343793,1735152,2701467,621.0,12596.0,343553.0,1728074.0,2701239.0,12569.0,343534,1727191,2494937,12424.0,343156,1725844,2142611,12160.0,51845,575372,550833,6332.0,2391979.0,49.8,2391737.0,50.0,2346604.0,51.3,2233979.0,52.9,1454306.0,65.2,852701.0,72.0,1006226.0,1353110.0,27630.0,4912.0,,773907.0,53.2,513021.0,60.2,817.0,406795.0,570272.0,2846.0,,,,,,1037676.0,15.2,1015899.0,16.4,978886.0,17.4,486613.0,37.2
2023-02-01,5,IL,37235875,1183100,12681340,23345035,26400.0,0,293848,312253.0,343574,377878,1822400,26582346,26385204.0,25279605,23606005,6867007,688424,9388773,16465727,2384.0,37038.0,209775,221262.0,233254,239559,336086,26898018,10017343,79.1,9916951.0,83.2,9409297,86.8,8688691,88.2,2011751,95.0,9021295,71.2,8964096.0,75.2,8513216,78.6,7855472,79.7,1862902,91.2,630015,2922083,5439579,795.0,11597.0,629963.0,2893873.0,5427916.0,11549.0,629951,2890451,4980809,11216.0,627261,2881920,4334865,10674.0,84253,828936,945545,4047.0,5130375.0,56.9,5128204.0,57.2,5009979.0,58.8,4757634.0,60.6,2869431.0,73.4,1535498.0,82.4,1988792.0,3081867.0,56590.0,2999.0,,1667072.0,58.1,1017261.0,66.2,1243.0,891792.0,1398969.0,1754.0,,,,,,2398127.0,20.1,2336763.0,21.6,2250214.0,22.8,965564.0,47.3
2023-02-01,5,OH,30741715,1012000,11040840,18664875,24000.0,0,262995,279514.0,307396,337410,1502290,20890491,20755993.0,20124626,19064533,6599778,637505,7837979,12389527,1948.0,23532.0,178718,188720.0,201232,209246,322519,20785523,7677204,65.7,7614216.0,69.2,7323555,73.2,6870321,75.4,1935796,94.6,7060791,60.4,7025770.0,63.9,6768538,67.7,6351799,69.7,1831486,89.5,560925,2461493,4014449,646.0,6199.0,560913.0,2446201.0,4011819.0,6192.0,560900,2445063,3755816,6114.0,560617,2443876,3340775,5911.0,91985,826268,910454,2689.0,3994446.0,56.6,3993366.0,56.8,3925140.0,58.0,3774434.0,59.4,2538413.0,71.1,1462914.0,79.9,1626480.0,2305237.0,61171.0,1433.0,,1397818.0,55.1,917786.0,62.7,1121.0,697431.0,1078704.0,694.0,,,,,,1764846.0,16.0,1728388.0,17.3,1676112.0,18.4,841830.0,41.1
2023-02-01,5,CT,11604445,353800,4487880,6754265,8500.0,0,325484,342964.0,373620,408917,1841260,8963270,8907386.0,8587432,8019449,2458395,252594,3426547,5282150,670.0,1309.0,251404,263254.0,276484,282589,390070,9013680,3652928,95.0,3624799.0,95.0,3467771,95.0,3211816,95.0,819670,95.0,2958372,83.0,2941770.0,86.9,2810622,90.5,2596964,91.5,652736,95.0,233897,1002799,1716079,175.0,535.0,233817.0,992278.0,1714967.0,533.0,233813,991465,1584642,527.0,233699,990931,1371754,412.0,22926,257809,371859,110.0,1639486.0,55.4,1638888.0,55.7,1612158.0,57.4,1530786.0,58.9,959600.0,69.5,498208.0,76.3,720199.0,900797.0,18399.0,60.0,,531954.0,55.4,323006.0,64.8,119.0,305252.0,382398.0,24.0,,,,,,851930.0,25.2,835959.0,26.9,807076.0,28.4,363745.0,57.7
2023-02-01,5,MI,28696810,965400,11115320,16590390,25700.0,0,287346,304624.0,333878,365894,1625510,18530880,18474304.0,17899819,16948321,5771267,472872,7275122,10776954,1539.0,4393.0,185553,196109.0,208258,216097,326910,18917259,6929455,69.4,6901459.0,73.3,6637075,77.2,6230869,79.4,1753341,95.0,6219814,62.3,6205741.0,65.9,5970879,69.5,5603143,71.4,1612523,91.3,426840,2256854,3526610,561.0,2104.0,426825.0,2250422.0,3525852.0,2081.0,426804,2249522,3292093,1899.0,426470,2248199,2926444,1492.0,71611,808371,731733,719.0,3645839.0,58.6,3645263.0,58.7,3583187.0,60.0,3443213.0,61.5,2277607.0,71.8,1287936.0,79.9,1570754.0,2025430.0,49065.0,487.0,,1260780.0,55.4,817097.0,63.4,512.0,682632.0,917688.0,113.0,,,,,,1671308.0,17.7,1638830.0,19.1,1590047.0,20.3,783007.0,44.4
2023-02-01,5,OR,13718355,466500,4894160,8337495,20200.0,0,325254,343825.0,376075,409360,1790720,9262246,9203322.0,8869889,8348451,2653084,279248,3358981,5599241,1190.0,23586.0,219602,230664.0,243159,249120,346319,9259798,3439027,81.5,3406330.0,85.4,3254646,89.2,3038886,90.7,783738,95.0,3050027,72.3,3037220.0,76.1,2912187,79.8,2717426,81.1,721856,94.2,250092,1033138,1752792,381.0,7720.0,250091.0,1029940.0,1749128.0,7680.0,250088,1029480,1624706,7532.0,249205,1026260,1434615,6987.0,52875,324765,342232,1919.0,1790794.0,58.7,1790599.0,59.0,1748189.0,60.0,1661713.0,61.2,994133.0,72.5,579273.0,80.2,721470.0,1042700.0,24652.0,1849.0,,609222.0,61.3,392530.0,67.8,348.0,310718.0,531757.0,372.0,,,,,,865670.0,21.7,840696.0,23.0,806836.0,24.1,348830.0,45.5
2023-02-01,5,HI,4515990,124900,1722320,2665070,3700.0,0,318955,339381.0,372881,404657,1682260,3480831,3459424.0,3321850,3110224,978963,71606,1300598,2107075,339.0,1213.0,245844,259979.0,274282,278693,364675,3515660,1293224,91.3,1281886.0,95.0,1217805,95.0,1127017,95.0,280610,95.0,1153143,81.4,1147214.0,86.2,1090278,90.0,1008045,90.3,257501,95.0,66345,379862,703616,128.0,342.0,66317.0,378114.0,702314.0,341.0,66314,377841,645703,294.0,66124,376917,564623,257.0,11852,113584,131994,36.0,686035.0,59.5,685905.0,59.8,672112.0,61.6,637784.0,63.3,394617.0,77.2,217977.0,84.7,285939.0,393288.0,6539.0,228.0,,234367.0,59.4,146912.0,67.4,122.0,141045.0,156771.0,46.0,,,,,,291227.0,21.9,284849.0,23.5,275356.0,24.7,130508.0,48.6
2023-02-01,5,MN,17848040,510900,6048520,11272120,16500.0,0,316475,337519.0,373539,411579,1939200,12658605,12525635.0,11976520,11219906,3597493,361204,4459384,7829274,1116.0,7627.0,224458,236869.0,250655,258733,390870,12674368,4439695,78.7,4374858.0,82.7,4129650,86.4,3827653,88.3,973621,95.0,4064209,72.1,4027822.0,76.2,3809092,79.7,3524509,81.3,917925,95.0,331785,1355439,2358850,422.0,2622.0,331770.0,1341387.0,2351638.0,2606.0,331765,1338939,2135446,2522.0,331183,1336197,1854309,2415.0,50900,386576,479793,599.0,2566028.0,63.1,2564767.0,63.7,2494186.0,65.5,2362273.0,67.0,1442536.0,78.7,791793.0,86.3,972748.0,1563019.0,29459.0,717.0,,959211.0,66.5,590217.0,74.5,335.0,462684.0,870032.0,248.0,,,,,,1400176.0,26.5,1359198.0,28.4,1303101.0,30.0,571945.0,62.1
2023-02-01,5,CO,17177445,501000,6018840,10630205,27400.0,0,298285,316545.0,347999,381787,2039080,12867251,12750470.0,12259897,11487802,3129676,346457,4833838,7664840,2527.0,19589.0,223439,234965.0,248374,255329,371514,12890535,4813200,83.6,4757306.0,87.7,4532703,91.8,4204546,93.5,900561,95.0,4227859,73.4,4199421.0,77.4,4010624,81.3,3717451,82.6,816276,95.0,317267,1499730,2393099,824.0,5321.0,317247.0,1484921.0,2391152.0,5279.0,317237,1483622,2203899,5044.0,316885,1482548,1913015,4216.0,29270,387339,398303,1249.0,2430332.0,57.5,2429057.0,57.8,2369287.0,59.1,2247190.0,60.4,1255600.0,73.5,659498.0,80.8,1011495.0,1389268.0,27202.0,2229.0,,776656.0,61.9,460413.0,69.8,447.0,410962.0,699603.0,1085.0,,,,,,1167783.0,21.5,1137201.0,23.0,1091239.0,24.3,432899.0,51.4
2023-02-01,5,MT,2650865,106500,1051500,1486765,6100.0,0,248028,263081.0,288892,315508,1284100,1854474,1845750.0,1793094,1702856,644003,62599,770173,1018855,223.0,2624.0,173513,183179.0,195412,202675,311961,1865122,729104,68.2,724127.0,71.9,697711,76.0,656253,78.1,204753,95.0,631873,59.1,629962.0,62.5,608910,66.4,573190,68.2,184324,89.3,56229,247088,327215,74.0,638.0,56222.0,245992.0,327036.0,638.0,56216,245844,306148,628.0,56128,245655,270730,607.0,10224,88750,85072,269.0,331783.0,52.5,331701.0,52.7,327139.0,53.7,316343.0,55.2,219135.0,66.4,136769.0,74.2,151906.0,174062.0,5335.0,460.0,,119228.0,54.4,83527.0,61.1,132.0,61127.0,85084.0,97.0,,,,,,159556.0,15.8,156717.0,17.1,152442.0,18.1,81451.0,39.5
2023-02-01,5,WY,1254395,49300,530340,671955,2800.0,0,216739,230660.0,255623,281871,1264780,847573,845056.0,825595,784951,282035,29189,369996,447119,177.0,1092.0,146447,155390.0,168241,176384,284370,857658,352104,60.8,350820.0,64.5,341011,69.5,321690,72.3,97110,95.0,306661,53.0,306005.0,56.3,297878,60.7,281095,63.2,86940,87.7,27136,124531,154331,54.0,342.0,27133.0,124153.0,154325.0,340.0,27132,124117,146257,318.0,27111,124068,129563,301.0,4004,44699,38130,98.0,144559.0,47.1,144540.0,47.2,143034.0,48.0,138722.0,49.4,98429.0,61.6,61804.0,71.1,65967.0,76457.0,1925.0,197.0,,47840.0,48.6,33952.0,54.9,28.0,24731.0,32221.0,86.0,,,,,,61321.0,11.3,60471.0,12.3,58980.0,13.3,32840.0,33.1
2023-02-01,5,NJ,28746925,1011800,10154640,17546285,34200.0,0,323647,343555.0,377337,414005,1948240,19672387,19572385.0,18856626,17592070,4832873,584873,7430510,11654707,1700.0,597.0,221481,233910.0,247515,253356,327534,20256973,8399670,94.6,8347216.0,95.0,7986815,95.0,7405246,95.0,1683085,95.0,7022359,79.1,6991071.0,83.6,6686239,87.8,6181385,89.0,1436409,95.0,523662,2422669,4064726,526.0,593.0,523601.0,2403390.0,4062963.0,591.0,523559,2402221,3759366,577.0,523244,2400789,3256318,551.0,93943,666875,675406,109.0,3641469.0,51.9,3639784.0,52.1,3582885.0,53.6,3408153.0,55.1,2039610.0,65.2,1040717.0,72.5,1494965.0,2077271.0,68916.0,160.0,,947571.0,46.5,575080.0,55.3,925.0,534247.0,708315.0,76.0,,,,,,1404447.0,16.8,1376481.0,18.1,1330790.0,19.2,564999.0,38.3
2023-02-01,5,NM,6009775,190500,2325700,3486775,6800.0,0,286613,304163.0,336224,370747,1591550,4694024,4667927.0,4492904,4196027,1348024,121177,1897015,2657713,2836.0,15283.0,223863,236250.0,251361,258856,356992,4872529,1977281,94.3,1962395.0,95.0,1869076,95.0,1724894,95.0,464229,95.0,1575076,75.1,1569045.0,79.4,1498216,83.8,1380069,85.1,380020,95.0,111878,594352,862899,208.0,3084.0,111869.0,591334.0,862555.0,3079.0,111860,590888,792226,3034.0,111711,590248,674947,2959.0,21527,177868,179217,1338.0,859715.0,54.6,859273.0,54.8,841071.0,56.1,796548.0,57.7,496187.0,67.1,275493.0,72.5,353009.0,494602.0,11124.0,790.0,,283238.0,57.1,177927.0,64.6,275.0,159122.0,205174.0,485.0,,,,,,434635.0,22.0,425058.0,23.8,408615.0,25.2,188976.0,50.0
2023-02-01,5,NV,7534780,260300,2532600,4735980,5900.0,0,244623,260306.0,287389,315591,1519200,5544497,5530215.0,5384663,5066727,1489429,189030,1896413,3457879,497.0,678.0,180007,191054.0,205380,212217,300305,5530190,2388156,77.5,2380868.0,82.3,2306363,88.0,2148795,90.0,516637,95.0,1960778,63.7,1957314.0,67.6,1898289,72.4,1773367,74.3,441686,89.1,173989,629415,1155577,176.0,224.0,173986.0,627578.0,1155351.0,223.0,173985,627347,1096562,219.0,173936,627095,971950,212.0,26239,200651,214679,76.0,857091.0,43.7,857041.0,43.8,847829.0,44.7,818901.0,46.2,537342.0,59.8,302606.0,68.5,335880.0,508296.0,12798.0,93.0,,258328.0,48.1,168763.0,55.8,57.0,126372.0,189462.0,44.0,,,,,,368957.0,12.7,363530.0,13.9,354242.0,14.8,171735.0,34.6
2023-02-01,5,ID,4621280,160100,1770980,2674700,15500.0,0,258596,276580.0,309032,345164,1589870,2860856,2849147.0,2771052,2616172,908708,90447,1077942,1686610,465.0,5392.0,160087,170519.0,185304,195402,312625,2893276,1141412,63.9,1135234.0,67.9,1096861,73.3,1024503,76.5,286981,95.0,1008024,56.4,1005426.0,60.2,971901,65.0,906770,67.7,262722,90.4,83271,344911,577247,211.0,1133.0,83260.0,343578.0,577244.0,1133.0,83260,343406,543902,1122.0,83242,343153,479066,1110.0,12424,121246,128635,393.0,489250.0,48.5,489240.0,48.7,481667.0,49.6,462929.0,51.1,315395.0,64.7,191330.0,72.8,201599.0,280759.0,6592.0,260.0,,169497.0,53.7,115696.0,60.5,100.0,86507.0,123066.0,99.0,,,,,,231111.0,13.8,227202.0,15.2,220198.0,16.4,115718.0,39.8
2023-02-01,5,MA,22976680,632300,8720980,13611600,11800.0,0,333358,351587.0,381879,414764,1964940,17968608,17806984.0,17050693,15961921,4513523,408997,7116935,10441037,1183.0,456.0,260698,272480.0,283387,288137,385992,18040703,7349623,95.0,7268599.0,95.0,6913327,95.0,6432605,95.0,1543218,95.0,5801679,84.2,5752474.0,88.0,5465092,90.8,5073013,91.6,1225274,95.0,386064,2061056,3339051,336.0,335.0,386059.0,2034601.0,3331144.0,334.0,386034,2030681,3047714,327.0,384726,2024236,2663434,298.0,74760,557726,592667,84.0,3275118.0,56.5,3272003.0,56.9,3181883.0,58.2,3007319.0,59.3,1764322.0,68.7,919473.0,75.0,1451742.0,1795367.0,27849.0,74.0,,994902.0,56.4,588913.0,64.0,284.0,653874.0,777554.0,22.0,,,,,,1991820.0,30.5,1931246.0,32.1,1843275.0,33.3,724920.0,62.0
2023-02-01,5,SC,13784615,465300,5606740,7669175,43400.0,0,267729,283853.0,311871,341412,1471110,8599247,8565317.0,8350205,7919433,2847384,233824,3364705,4996842,648.0,3228.0,167017,176377.0,188920,196145,303876,8639968,3653247,71.0,3635070.0,74.9,3522490,79.7,3309729,82.0,993000,95.0,3081610,59.9,3072939.0,63.3,2983229,67.5,2803849,69.4,858833,91.7,211385,1099066,1766560,247.0,931.0,211337.0,1096383.0,1764048.0,924.0,211334,1095858,1674874,916.0,210714,1093116,1498998,781.0,31512,368289,458749,246.0,1377533.0,44.7,1377190.0,44.8,1362619.0,45.7,1320592.0,47.1,961529.0,59.5,591057.0,68.8,583494.0,770261.0,23059.0,675.0,,429729.0,44.7,301689.0,51.0,261.0,222683.0,276658.0,56.0,,,,,,558900.0,11.5,551819.0,12.5,539355.0,13.4,307664.0,32.8
2023-02-01,5,TX,78580705,2663600,27850340,47972665,94100.0,0,271006,290986.0,326046,363866,2104340,51907044,51646222.0,49382633,45410909,11306576,1548341,18815990,31485120,5636.0,51957.0,179015,191247.0,204898,210274,302782,50753671,22128938,76.3,21985511.0,81.4,20809633,86.3,18878612,87.4,3746471,95.0,18321481,63.2,18290756.0,67.7,17468841,72.5,15952480,73.9,3320093,88.9,1354109,6231570,10718613,1751.0,14927.0,1353868.0,6203163.0,10717157.0,14817.0,1353790,6199910,9899461,13938.0,1352248,6193077,8393568,11938.0,176757,1565535,1574332,3253.0,7383880.0,40.3,7383521.0,40.4,7243350.0,41.5,6998460.0,43.9,4308145.0,58.4,2255829.0,67.9,3292718.0,3989543.0,95523.0,5722.0,,2028761.0,47.1,1230144.0,54.5,106.0,1182647.0,1443693.0,1970.0,,,,,,2913660.0,10.8,2850209.0,11.8,2748383.0,12.7,1166728.0,31.2
2023-02-01,5,WA,24630715,776900,8736300,15086115,31400.0,0,323455,344080.0,378880,413834,2036060,17473961,17306639.0,16607142,15574378,4483035,494549,6409176,10548187,3201.0,18848.0,229471,241766.0,255458,261674,370584,17681108,6484627,85.2,6403909.0,89.5,6101141,93.9,5674937,95.0,1295274,95.0,5785380,76.0,5735709.0,80.1,5468073,84.1,5079778,85.3,1185593,95.0,459767,1984307,3317936,1005.0,6753.0,459736.0,1952774.0,3315479.0,6715.0,459707,1950696,3050201,6466.0,459332,1949317,2664085,6072.0,59542,532851,590729,2337.0,3368742.0,58.2,3363901.0,58.6,3265208.0,59.7,3097073.0,61.0,1773373.0,73.3,962721.0,81.2,1371784.0,1955184.0,39392.0,2170.0,,1131586.0,63.8,686270.0,71.3,775.0,639164.0,1031362.0,838.0,,,,,,1819749.0,25.4,1760591.0,27.1,1690434.0,28.4,668423.0,55.3
2023-02-01,5,OK,9458400,339700,3901480,5193920,23300.0,0,239031,255533.0,284444,314783,1489200,6718645,6700209.0,6534197,6160476,1974621,157673,2694033,3854903,810.0,11226.0,169793,181016.0,196504,205026,310899,6700660,2950102,74.6,2939913.0,79.4,2854314,85.8,2669751,88.9,713385,95.0,2390776,60.4,2386216.0,64.5,2318441,69.7,2166233,72.1,592781,93.3,147551,899846,1339313,286.0,2330.0,147536.0,896894.0,1339181.0,2319.0,147531,896380,1272031,2213.0,147435,895715,1120795,2013.0,20954,299262,271911,617.0,996039.0,41.7,995889.0,41.7,984945.0,42.5,953340.0,44.0,659204.0,57.0,394401.0,66.5,438656.0,542968.0,12550.0,1816.0,,295329.0,44.8,203911.0,51.7,178.0,157368.0,198369.0,1554.0,,,,,,444173.0,12.0,438427.0,13.2,427430.0,14.2,225520.0,35.5
2023-02-01,5,AK,2100055,86200,786720,1222135,5000.0,0,287071,308621.0,344906,380747,2292940,1314171,1305157.0,1251809,1166282,283928,46296,503372,762748,266.0,1489.0,179643,191804.0,205593,211451,310006,1330237,533555,72.9,528607.0,77.7,503493,82.7,465944,84.5,90657,95.0,476024,65.1,473357.0,69.6,451754,74.2,417589,75.7,81788,89.3,42421,167466,264954,86.0,391.0,42419.0,165847.0,264614.0,391.0,42417,165605,243268,379.0,42248,165138,209767,357.0,3732,44703,33251,87.0,234720.0,49.3,234686.0,49.6,229655.0,50.8,217376.0,52.1,126191.0,67.8,64026.0,78.3,98499.0,132883.0,3149.0,166.0,,67264.0,53.3,39237.0,61.3,63.0,40110.0,51417.0,44.0,,,,,,94870.0,13.9,92393.0,15.2,88370.0,16.0,36839.0,40.2
2023-02-01,5,LA,10089520,330100,4076780,5674240,8400.0,0,217035,232086.0,257168,283321,1361570,6912503,6897448.0,6750324,6399454,2071297,202011,2808528,3897446,659.0,3859.0,148695,158660.0,172057,179701,279519,6893198,2917165,62.8,2909431.0,66.9,2827867,72.1,2650516,74.4,686589,92.7,2556144,55.0,2552751.0,58.7,2492788,63.5,2345909,65.9,646703,87.3,183470,982842,1386460,217.0,1547.0,183448.0,981193.0,1386352.0,1542.0,183432,980942,1326699,1499.0,183224,980221,1180827,1431.0,22538,307969,315941,232.0,1102422.0,43.1,1102319.0,43.2,1096430.0,44.0,1069907.0,45.6,763575.0,59.2,448682.0,69.4,484280.0,603784.0,13997.0,304.0,,308457.0,40.4,209711.0,46.7,177.0,154238.0,206269.0,63.0,,,,,,322609.0,7.4,319948.0,8.2,314715.0,8.8,168019.0,22.7
2023-02-01,5,MO,15258265,439800,5705360,9097005,16100.0,0,248610,264471.0,291427,320092,1436700,10417696,10353291.0,10048889,9506061,3241079,254061,3753661,6406382,917.0,2675.0,169740,179453.0,191930,199420,305176,10399791,4251715,69.3,4221030.0,73.2,4068507,77.7,3814683,80.0,1055288,95.0,3620874,59.0,3604528.0,62.5,3483474,66.5,3267100,68.5,941114,88.6,241271,1225419,2144250,376.0,1388.0,241255.0,1218608.0,2142907.0,1382.0,241237,1218023,2022542,1297.0,240978,1217112,1807664,986.0,40391,427388,473065,228.0,1717031.0,47.4,1716287.0,47.6,1688845.0,48.5,1627357.0,49.8,1120858.0,61.8,670105.0,71.2,679227.0,1019206.0,18264.0,283.0,,583672.0,52.1,397389.0,59.3,233.0,288905.0,432484.0,45.0,,,,,,847647.0,14.7,831988.0,15.9,808897.0,17.0,410417.0,38.6
2023-02-01,5,UT,8205670,257300,2613360,5327910,7100.0,0,255951,277391.0,316545,360725,2242770,6090924,6040885.0,5745490,5239312,1280783,188074,2052683,3847434,905.0,1828.0,189988,204211.0,221640,230322,350063,6056791,2410110,75.2,2384316.0,80.6,2242966,86.5,2019866,88.8,387399,95.0,2135892,66.6,2126312.0,71.9,2011123,77.6,1812341,79.7,353401,95.0,172958,687579,1270616,193.0,445.0,172923.0,682989.0,1269772.0,435.0,172910,682473,1155174,374.0,172733,681845,957330,278.0,17083,151275,184965,65.0,1064323.0,49.8,1063908.0,50.0,1037578.0,51.6,975210.0,53.8,518354.0,69.9,277585.0,78.5,382814.0,668269.0,13020.0,171.0,,273407.0,52.7,168297.0,60.6,357.0,122448.0,278097.0,101.0,,,,,,430803.0,14.6,416688.0,16.1,394288.0,17.3,156469.0,42.8
2023-02-01,5,IA,9059255,292700,3394920,5354735,16900.0,0,287133,306114.0,338502,373081,1638340,6073612,6035042.0,5842310,5517403,1991509,180841,2351621,3538168,649.0,2333.0,192503,203926.0,218300,227219,360158,6086223,2227610,70.6,2209127.0,74.6,2121310,79.3,1980598,81.6,563496,95.0,2029318,64.3,2019455.0,68.2,1941379,72.5,1814444,74.7,532078,95.0,165098,739782,1118664,184.0,1017.0,165096.0,735365.0,1117799.0,1011.0,165091,734838,1040339,927.0,164989,734338,914118,819.0,14705,278210,238902,232.0,1164693.0,57.4,1164383.0,57.7,1142718.0,58.9,1097229.0,60.5,743266.0,73.8,438251.0,82.4,503194.0,646728.0,14378.0,358.0,,450332.0,60.6,303391.0,69.2,107.0,218090.0,344056.0,220.0,,,,,,592233.0,20.0,581275.0,21.7,562711.0,23.2,293411.0,53.1
2023-02-01,5,IN,18323790,631400,6203800,11480190,8400.0,0,272181,290214.0,321186,354820,1687670,11079313,11034635.0,10697073,10093694,3396112,317444,3968366,6753853,550.0,39100.0,164571,174768.0,187502,195453,312792,11092672,4330161,64.3,4304196.0,68.2,4137875,72.5,3865726,74.9,1044494,95.0,3883521,57.7,3874438.0,61.4,3741982,65.6,3502606,67.8,974323,89.7,291051,1303407,2275137,179.0,9810.0,291030.0,1298420.0,2275013.0,9796.0,291007,1297826,2143276,9694.0,290696,1297116,1905136,9489.0,31631,475931,462475,4250.0,1974541.0,50.8,1974276.0,51.0,1947613.0,52.0,1873293.0,53.5,1261137.0,65.6,731389.0,75.1,748090.0,1200442.0,23118.0,2844.0,,576016.0,45.7,390974.0,53.5,481.0,259475.0,441231.0,1535.0,,,,,,672476.0,10.7,661394.0,11.6,641677.0,12.4,332921.0,30.7
2023-02-01,5,SD,2613795,93600,971000,1545695,3500.0,0,295458,317404.0,354124,391546,1721060,1672091,1662199.0,1599624,1501527,525147,42506,632712,996614,75.0,184.0,189010,201848.0,216722,224928,345785,1699833,741248,83.8,735661.0,89.3,703931,95.0,655666,95.0,196268,95.0,585683,66.2,584289.0,71.0,559437,75.8,522172,78.2,159176,95.0,40121,210791,333811,33.0,127.0,40117.0,210231.0,333819.0,89.0,40115,210047,309155,87.0,40085,209857,272117,80.0,5099,76961,77081,29.0,273113.0,46.6,273093.0,46.7,268199.0,47.9,257308.0,49.3,178053.0,60.6,108049.0,67.9,116495.0,153466.0,3112.0,36.0,,86027.0,48.3,59792.0,55.3,27.0,40009.0,62459.0,17.0,,,,,,142617.0,17.3,139760.0,18.9,135203.0,20.3,71161.0,46.9
2023-02-01,5,NC,29468990,956500,10858180,17616210,38100.0,0,280976,298320.0,327961,359932,1682890,19361448,19247480.0,18603505,17511587,5588396,523554,7214390,11620475,1611.0,1418.0,184604,194846.0,207039,213885,319137,19293972,9658812,92.1,9600233.0,95.0,9256595,95.0,8683913,95.0,2471463,95.0,7033372,67.1,7005690.0,70.9,6759765,75.2,6338240,77.4,1831577,95.0,492537,2455327,4073425,588.0,526.0,492520.0,2443171.0,4068891.0,520.0,492508,2441074,3825099,496.0,490983,2436803,3409403,470.0,56006,863125,912289,95.0,2236778.0,31.8,2235664.0,31.9,2197260.0,32.5,2112189.0,33.3,1454919.0,41.3,847375.0,46.3,921286.0,1285241.0,29933.0,216.0,,491587.0,33.8,315636.0,37.2,195.0,267269.0,333798.0,53.0,,,,,,1480189.0,15.0,1449909.0,16.1,1401637.0,17.1,667679.0,38.1
2023-02-01,5,NH,4958490,188800,1587640,3177650,4400.0,0,364672,382573.0,413701,448952,1953210,2946578,2931599.0,2851429,2691265,901096,90031,1071473,1784386,298.0,390.0,216706,226188.0,237903,243673,354952,2956087,1197519,88.1,1189545.0,91.8,1147706,95.0,1078576,95.0,303324,95.0,977116,71.9,973078.0,75.1,942311,78.6,887567,80.4,256334,95.0,80340,358626,536037,83.0,183.0,80330.0,356626.0,535856.0,183.0,80328,356263,505471,166.0,80295,356018,451032,143.0,15812,107075,133374,64.0,536460.0,54.9,536321.0,55.1,529892.0,56.2,508176.0,57.3,345154.0,66.6,189403.0,73.9,208680.0,319626.0,8052.0,86.0,,183092.0,53.0,117633.0,62.1,85.0,71128.0,154399.0,48.0,,,,,,300820.0,23.2,295578.0,24.7,286145.0,25.9,138879.0,54.7
2023-02-01,5,GA,27973415,865500,10553700,16518115,36100.0,0,263467,280833.0,311227,344774,1844050,16958000,16888255.0,16398894,15404194,4358382,348233,6536374,10016805,2030.0,54558.0,159719,169546.0,182451,189858,287311,17126814,7256034,68.3,7219991.0,72.5,6973127,77.6,6484255,79.9,1490513,95.0,6077271,57.2,6062270.0,60.9,5874287,65.4,5476581,67.5,1312849,86.5,328604,2220608,3503321,701.0,16718.0,328496.0,2214344.0,3502100.0,16639.0,328452,2213485,3315963,15699.0,328052,2211599,2922668,13592.0,35808,712233,561073,3637.0,2673253.0,44.0,2672547.0,44.1,2638446.0,44.9,2542140.0,46.4,1652794.0,58.6,885290.0,67.4,1145141.0,1497597.0,26613.0,3776.0,,719278.0,43.5,443616.0,50.1,472.0,395312.0,515140.0,1038.0,,,,,,1025073.0,10.3,1006382.0,11.2,974385.0,12.0,438302.0,28.9
2023-02-01,5,NY,59743905,1959700,20725480,37028825,29900.0,0,307110,325996.0,356186,387312,1812540,44783348,44541398.0,43019783,40437310,10893819,1458878,16135581,27143065,3533.0,42291.0,230206,243043.0,256479,262150,330502,44789929,18355097,94.4,18233684.0,95.0,17493241,95.0,16326366,95.0,3621618,95.0,15703878,80.7,15637155.0,85.3,14998826,89.4,13975596,90.6,3188803,95.0,1273409,5232718,9160422,895.0,12955.0,1273291.0,5193144.0,9157206.0,12629.0,1273165,5189465,8524216,11105.0,1272033,5185227,7508144,9383.0,188516,1491317,1506067,2784.0,7674469.0,48.9,7672496.0,49.1,7553928.0,50.4,7227309.0,51.7,4324765.0,63.4,2272443.0,71.3,3140413.0,4411545.0,120077.0,2090.0,,2015465.0,46.6,1262366.0,55.6,2011.0,1117907.0,1563588.0,399.0,,,,,,3195888.0,17.4,3134560.0,18.7,3041713.0,19.7,1313823.0,39.9
2023-02-01,5,CA,117816105,3781000,42016680,71880125,138300.0,0,298176,317320.0,350161,384799,2018050,87507137,86866908.0,83360031,77491258,20012669,2313699,32745191,52425773,9637.0,12837.0,221469,233963.0,247754,253094,342793,88012656,33445088,84.6,33122812.0,89.2,31497142,93.6,28970544,94.6,6037870,95.0,29477685,74.6,29284215.0,78.9,27879087,82.9,25608256,83.6,5427131,93.0,2087313,10093660,17230074,2983.0,4616.0,2086784.0,9994324.0,17195526.0,4600.0,2086544,9979491,15805603,4508.0,2078986,9950828,13571453,4197.0,201622,2729383,2494358,1267.0,17297109.0,58.7,17285733.0,59.0,16903051.0,60.6,16000003.0,62.5,8744924.0,73.8,4417117.0,81.4,7102096.0,9955342.0,237575.0,1033.0,,4948390.0,56.6,2848955.0,64.5,2629.0,3080918.0,4067615.0,187.0,,,,,,7473138.0,20.1,7280181.0,21.6,6988597.0,22.8,2649435.0,45.4
2023-02-01,5,WV,5369305,171800,2160220,3029085,8200.0,0,299602,316005.0,344664,374800,1462980,3081792,3074763.0,3016999,2881422,1078195,68558,1328750,1681911,240.0,2333.0,171961,180962.0,193666,201135,293777,3091036,1208849,67.5,1205022.0,70.9,1174844,75.4,1111414,77.6,353280,95.0,1069210,59.7,1067107.0,62.8,1043030,67.0,987231,68.9,321515,87.6,62226,438579,567072,92.0,629.0,62209.0,437275.0,566904.0,627.0,62207,437129,542997,605.0,62144,436681,487755,565.0,9712,165476,146086,228.0,529116.0,49.5,529053.0,49.6,525273.0,50.4,511512.0,51.8,371526.0,62.6,227533.0,70.8,243968.0,279734.0,5242.0,161.0,,170410.0,45.9,118614.0,52.1,79.0,90121.0,109294.0,49.0,,,,,,197769.0,11.6,196115.0,12.6,192687.0,13.5,109595.0,29.9
2023-02-01,5,RI,3431815,90600,1324300,2012915,4000.0,0,323951,341529.0,370011,401445,1834740,2639426,2623163.0,2534318,2383911,724535,67052,1021678,1547512,432.0,2752.0,249153,261053.0,273244,278864,387357,2842921,1121579,95.0,1113425.0,95.0,1061343,95.0,989674,95.0,234608,95.0,928263,87.6,923341.0,91.9,878644,94.7,816497,95.0,200285,95.0,61555,310657,553648,119.0,719.0,61554.0,307925.0,553040.0,703.0,61554,307698,508601,672.0,61524,307403,446828,630.0,6861,89301,103933,179.0,539935.0,58.2,539440.0,58.4,530133.0,60.3,505004.0,61.9,307260.0,73.3,162226.0,81.0,221538.0,312846.0,5345.0,187.0,,169365.0,55.1,104744.0,64.6,174.0,98914.0,122946.0,95.0,,,,,,254887.0,25.4,249898.0,26.9,241962.0,28.3,105801.0,56.6
2023-02-01,5,ND,1850760,53600,651420,1143440,2300.0,0,242862,261421.0,290431,318060,1544300,1300514,1290248.0,1243114,1175655,383970,40021,459800,800172,188.0,333.0,170657,182248.0,195076,202040,320389,1270406,528039,69.3,522933.0,73.9,501867,78.8,472132,81.1,127330,95.0,446636,58.6,444943.0,62.8,428181,67.2,402903,69.2,109800,91.6,36908,151056,257558,71.0,79.0,36901.0,150879.0,257015.0,77.0,36900,150817,240318,75.0,36745,150576,215441,70.0,4402,50801,54580,8.0,216943.0,48.6,216927.0,48.8,212555.0,49.6,204216.0,50.7,134882.0,64.4,81367.0,74.1,85499.0,128860.0,2542.0,34.0,,68478.0,50.8,47025.0,57.8,7.0,27455.0,59721.0,20.0,,,,,,111487.0,15.7,108883.0,17.1,105053.0,18.1,54466.0,45.4
2023-02-01,5,VT,2494090,74200,920320,1497370,2200.0,0,399701,419213.0,452689,489053,1994650,1737635,1718625.0,1644721,1544326,535066,54389,653160,1029023,145.0,918.0,278472,288871.0,298525,302819,427919,1708360,620250,95.0,611478.0,95.0,579850,95.0,541473,95.0,151121,95.0,534086,85.6,528718.0,88.9,500282,90.8,465946,91.4,133476,95.0,47988,189689,293880,41.0,310.0,47985.0,186748.0,293634.0,310.0,47974,186624,265333,310.0,47907,186534,231179,289.0,2691,64751,65865,157.0,354915.0,66.5,354560.0,67.1,344006.0,68.8,323703.0,69.5,206396.0,78.9,113858.0,85.3,144047.0,206183.0,4624.0,47.0,,129955.0,63.0,81561.0,71.6,68.0,61304.0,114855.0,4.0,,,,,,197785.0,33.2,191904.0,34.8,183510.0,36.0,80809.0,64.6
2023-02-01,5,WI,15990835,456700,5859700,9655335,19100.0,0,274642,291169.0,319830,350997,1571980,12307066,12221301.0,11812925,11155084,3905148,338596,4638589,7324001,1328.0,4552.0,211373,222532.0,236268,244853,383895,12310735,4370978,75.1,4328829.0,78.8,4145751,82.9,3870999,85.0,1079539,95.0,3967243,68.1,3944312.0,71.8,3780359,75.6,3531007,77.5,1007489,95.0,303542,1386398,2265455,525.0,1637.0,303526.0,1374376.0,2264270.0,1615.0,303510,1373418,2101366,1540.0,303299,1372703,1853098,1400.0,30962,479748,496271,441.0,2408132.0,60.7,2407107.0,61.0,2357000.0,62.3,2255807.0,63.9,1479792.0,75.3,844572.0,83.8,959434.0,1420401.0,27817.0,395.0,,918368.0,62.1,598756.0,70.9,255.0,462633.0,725466.0,122.0,,,,,,1231125.0,22.4,1204581.0,24.1,1163715.0,25.5,565951.0,55.6
2023-02-01,5,DC,2666975,72800,919880,1671495,2800.0,0,377893,403854.0,437385,461749,3053450,2087911,2059616.0,1978798,1887348,390917,43248,751492,1287679,193.0,5299.0,295843,311883.0,324524,326768,447565,1971845,827951,95.0,812694.0,95.0,770963,95.0,728782,95.0,114706,95.0,636953,90.3,628153.0,95.0,596611,95.0,564426,95.0,95091,95.0,44740,214555,373413,81.0,1381.0,44733.0,208656.0,373329.0,1355.0,44699,208315,342425,1092.0,44666,208024,310843,819.0,3153,49391,42326,215.0,322569.0,50.6,322334.0,51.3,311593.0,52.2,298276.0,52.8,142125.0,66.8,72341.0,76.1,128295.0,191707.0,2084.0,464.0,,77358.0,54.4,43434.0,60.0,92.0,57744.0,81888.0,348.0,,,,,,208841.0,31.6,202041.0,33.1,195250.0,33.8,46296.0,53.0
