DATE,AWND,PRCP,SNOW,TAVG,TMAX,TMIN
2020-01-01,11.096,0.0,0.0,44.2,52.8,36.2
2020-01-02,8.68,0.184,0.0,47.8,54.4,42.2
2020-01-03,7.07,0.22000000000000003,0.0,49.8,57.0,43.8
2020-01-04,8.546,0.066,0.125,48.2,53.6,37.8
2020-01-05,11.318,0.0,0.0,44.4,56.6,35.6
2020-01-06,8.546,0.006,0.075,46.2,58.8,36.4
2020-01-07,9.172,0.01,0.0,48.6,56.8,39.0
2020-01-08,11.632000000000001,0.0,0.0,43.2,52.2,32.8
2020-01-09,11.724,0.004,0.0,45.6,55.8,39.2
2020-01-10,9.931999999999999,0.4619999999999999,0.0,53.4,60.6,41.2
2020-01-11,15.212,0.344,0.5750000000000001,49.6,54.0,41.8
2020-01-12,9.038,0.006,0.0,47.6,57.6,38.8
2020-01-13,6.888,0.382,0.05,48.0,54.0,42.8
2020-01-14,6.128,0.138,0.0,51.4,57.0,45.4
2020-01-15,7.514,0.0,0.0,52.6,61.0,45.4
2020-01-16,13.331999999999999,0.6,0.0,48.6,52.8,37.8
2020-01-17,11.004,0.144,0.775,41.0,48.6,35.2
2020-01-18,11.318,0.306,0.4,42.8,52.0,30.6
2020-01-19,11.498,0.002,0.0,40.4,50.4,29.4
2020-01-20,9.306000000000001,0.004,0.0,37.4,44.2,30.2
2020-01-21,8.546,0.01,0.0,36.2,43.8,29.0
2020-01-22,8.276,0.092,0.0,38.2,46.2,32.0
2020-01-23,8.278,0.084,0.225,43.0,50.6,37.6
2020-01-24,6.354,0.21200000000000002,0.0,46.2,56.0,38.4
2020-01-25,10.424,0.202,0.1,45.0,52.0,38.8
2020-01-26,8.367999999999999,0.0,0.0,45.8,51.4,39.8
2020-01-27,8.054,0.0,0.0,45.4,53.6,38.6
2020-01-28,10.558,0.10200000000000001,0.0,47.2,54.2,39.8
2020-01-29,10.426,0.008,0.0,45.2,50.0,40.2
2020-01-30,5.95,0.0,0.0,44.0,49.8,37.4
2020-01-31,6.8,0.036,0.15,44.4,52.8,39.4
2020-02-01,6.890000000000001,0.01,0.0,46.8,56.0,39.8
2020-02-02,10.604000000000001,0.002,0.0,49.6,62.0,38.8
2020-02-03,11.675999999999998,0.03,0.0,51.6,63.0,42.4
2020-02-04,11.812000000000001,0.02,0.0,50.6,57.2,41.8
2020-02-05,11.228,0.14400000000000002,0.25,45.6,50.4,40.6
2020-02-06,10.064,0.61,0.35,44.6,51.0,37.4
2020-02-07,10.693999999999999,0.05600000000000001,0.05,43.0,53.2,33.8
2020-02-08,7.8740000000000006,0.024,0.0,42.2,50.8,35.2
2020-02-09,9.888,0.036000000000000004,0.25,45.4,54.0,39.6
2020-02-10,9.486,0.43200000000000005,0.0,46.6,54.6,40.0
2020-02-11,9.978,0.202,0.0,48.8,54.0,42.6
2020-02-12,8.634,0.392,0.5,47.0,53.8,40.6
2020-02-13,10.828,0.25,0.375,45.4,51.2,32.8
2020-02-14,10.022,0.0,0.0,35.8,44.6,25.2
2020-02-15,10.2,0.0,0.0,37.0,49.6,27.8
2020-02-16,6.846000000000001,0.057999999999999996,0.0,45.6,56.0,38.0
2020-02-17,8.052,0.026000000000000002,0.0,49.4,57.6,42.8
2020-02-18,9.978,0.536,0.0,50.4,55.8,42.6
2020-02-19,9.798,0.16799999999999998,0.0,46.8,51.4,39.6
2020-02-20,11.855999999999998,0.22399999999999998,0.0,40.8,48.6,32.8
2020-02-21,9.528,0.002,0.0,38.4,49.8,30.4
2020-02-22,9.708,0.0,0.0,44.4,56.0,37.0
2020-02-23,8.722,0.006,0.0,48.8,58.2,40.6
2020-02-24,9.620000000000001,0.22000000000000003,0.0,50.0,55.8,42.4
2020-02-25,10.556000000000001,0.05600000000000001,0.175,50.2,59.8,43.2
2020-02-26,12.17,0.024,0.25,48.2,53.4,39.8
2020-02-27,12.75,0.2,0.0,44.4,55.2,34.2
2020-02-28,10.780000000000001,0.0,0.0,44.8,56.0,36.2
2020-02-29,12.394,0.0,0.0,45.4,55.4,36.0
2020-03-01,12.034,0.0,0.0,49.0,61.2,39.8
2020-03-02,8.994,0.19,0.0,52.8,61.0,43.8
2020-03-03,9.036,0.154,0.0,55.4,63.8,48.6
2020-03-04,10.872,0.38,0.0,53.8,60.0,46.8
2020-03-05,11.05,0.314,0.0,51.0,59.0,44.4
2020-03-06,10.964,0.014000000000000002,0.0,49.0,55.8,39.2
2020-03-07,11.41,0.002,0.0,46.6,57.6,39.0
2020-03-08,11.184000000000001,0.0,0.0,51.4,64.0,42.4
2020-03-09,11.453999999999999,0.19,0.0,56.8,67.4,48.0
2020-03-10,8.767999999999999,0.032,0.0,56.8,65.6,47.8
2020-03-11,8.59,0.046,0.0,57.4,66.4,51.0
2020-03-12,8.994,0.23400000000000004,0.0,57.2,65.6,51.0
2020-03-13,10.916,0.584,0.0,57.8,65.2,50.8
2020-03-14,9.844,0.041999999999999996,0.0,55.4,62.2,48.4
2020-03-15,9.306000000000001,0.128,0.0,51.4,57.8,46.2
2020-03-16,8.768,0.172,0.0,49.0,55.4,43.4
2020-03-17,7.159999999999999,0.06799999999999999,0.0,51.6,60.2,46.8
2020-03-18,9.394,0.326,0.0,55.4,63.4,49.2
2020-03-19,10.11,0.348,0.0,58.0,68.6,51.6
2020-03-20,10.828,0.03,0.0,57.0,70.4,44.4
2020-03-21,10.336,0.052000000000000005,0.0,51.8,60.0,42.6
2020-03-22,8.812000000000001,0.404,0.55,48.4,54.8,42.2
2020-03-23,9.751999999999999,0.556,0.25,50.2,57.6,47.4
2020-03-24,9.574000000000002,0.11399999999999999,0.0,55.8,66.2,49.0
2020-03-25,10.692,0.11599999999999999,0.0,56.8,66.0,48.0
2020-03-26,11.366,0.0,0.0,57.4,67.0,48.2
2020-03-27,10.692,0.066,0.0,59.4,70.2,52.4
2020-03-28,9.976,0.382,0.0,60.6,68.6,52.2
2020-03-29,11.764,0.019999999999999997,0.0,58.8,65.8,51.2
2020-03-30,8.77,0.074,0.0,55.4,62.0,49.2
2020-03-31,9.528,0.07200000000000001,0.0,52.4,58.4,46.8
2020-04-01,10.288,0.0,0.0,52.0,62.2,44.4
2020-04-02,11.498,0.024,0.0,55.0,65.6,45.8
2020-04-03,10.874,0.024,0.0,57.0,66.6,46.4
2020-04-04,8.368,0.041999999999999996,0.0,53.2,60.6,46.4
2020-04-05,6.712000000000001,0.012,0.0,53.8,64.0,48.0
2020-04-06,7.516,0.258,0.0,58.6,68.6,50.8
2020-04-07,8.948,0.06,0.0,63.8,75.0,55.8
2020-04-08,8.992,0.08399999999999999,0.0,63.8,75.6,55.4
2020-04-09,12.392,0.24,0.0,59.0,64.4,50.4
2020-04-10,12.884,0.046,0.0,53.0,60.2,44.4
2020-04-11,9.934000000000001,0.048,0.0,54.8,65.4,45.6
2020-04-12,11.096,0.164,0.0,59.2,68.6,47.6
2020-04-13,15.434000000000001,0.376,0.0,55.6,63.4,47.2
2020-04-14,11.274,0.0,0.0,51.0,58.4,44.2
2020-04-15,9.35,0.02,0.425,49.8,60.0,40.6
2020-04-16,11.456,0.0,0.0,52.2,62.0,41.8
2020-04-17,8.902,0.06599999999999999,0.75,52.4,59.6,44.4
2020-04-18,11.453999999999999,0.054000000000000006,0.0,53.4,62.4,45.6
2020-04-19,10.734,0.512,0.0,56.4,65.2,48.0
2020-04-20,10.156,0.10800000000000001,0.0,57.2,66.6,48.4
2020-04-21,12.48,0.072,0.0,58.2,67.8,48.8
2020-04-22,10.916,0.022,0.0,58.2,71.6,49.4
2020-04-23,8.368,0.174,0.0,59.4,68.2,51.2
2020-04-24,10.558,0.12,0.0,60.0,69.6,53.4
2020-04-25,9.172,0.038,0.0,60.2,70.2,51.0
2020-04-26,10.468,0.034,0.0,59.0,68.2,49.0
2020-04-27,11.858,0.032,0.0,58.8,69.8,49.8
2020-04-28,9.216,0.22400000000000003,0.0,64.0,76.6,53.6
2020-04-29,11.452,0.44799999999999995,0.0,61.4,67.6,53.2
2020-04-30,11.678,0.10600000000000001,0.0,58.2,65.8,51.2
2020-05-01,9.796000000000001,0.044,0.0,61.2,73.2,52.2
2020-05-02,11.274000000000001,0.0,0.0,67.2,79.0,57.6
2020-05-03,10.604000000000001,0.022,0.0,69.2,79.0,57.4
2020-05-04,12.482000000000001,0.036000000000000004,0.0,66.4,74.2,56.0
2020-05-05,10.782,0.018,0.0,63.8,71.0,55.2
2020-05-06,8.946000000000002,0.004,0.0,61.2,72.4,50.2
2020-05-07,11.094,0.041999999999999996,0.0,62.2,74.6,51.2
2020-05-08,11.588,0.076,0.0,59.4,63.8,48.6
2020-05-09,11.185999999999998,0.006,0.0,53.8,64.4,43.2
2020-05-10,10.158,0.04,0.0,57.6,68.4,46.8
2020-05-11,10.914,0.006,0.0,57.8,66.6,51.2
2020-05-12,11.096,0.01,0.0,59.4,69.8,51.4
2020-05-13,10.468,0.016,0.0,61.6,73.2,52.8
2020-05-14,9.842,0.706,0.0,65.4,76.0,55.6
2020-05-15,9.172,0.276,0.0,69.0,79.6,58.6
2020-05-16,9.888,0.8300000000000001,0.0,66.6,73.6,58.0
2020-05-17,9.081999999999999,0.9039999999999999,0.0,66.0,75.2,59.0
2020-05-18,9.128,0.074,0.0,66.4,74.4,58.8
2020-05-19,12.528,0.076,0.0,65.0,73.4,58.4
2020-05-20,11.184000000000001,0.044,0.0,62.8,68.2,55.4
2020-05-21,7.516,0.002,0.0,63.2,73.2,55.8
2020-05-22,7.784000000000001,0.06,0.0,68.6,79.8,60.6
2020-05-23,8.768,0.332,0.0,68.8,79.4,59.6
2020-05-24,8.32,0.036,0.0,70.0,80.6,61.8
2020-05-25,8.053999999999998,0.502,0.0,68.6,75.6,62.0
2020-05-26,7.962000000000001,0.030000000000000006,0.0,68.2,75.0,62.8
2020-05-27,6.797999999999999,0.288,0.0,69.0,77.6,62.0
2020-05-28,8.368,0.048,0.0,70.0,78.6,62.4
2020-05-29,9.352,0.01,0.0,69.4,77.6,63.0
2020-05-30,9.172,0.0,0.0,69.8,80.0,61.4
2020-05-31,9.709999999999999,0.0,0.0,68.2,77.0,58.8
2020-06-01,9.532,0.004,0.0,68.0,78.4,59.8
2020-06-02,9.574,0.0,0.0,72.4,84.0,63.6
2020-06-03,8.634,0.148,0.0,75.2,84.8,66.2
2020-06-04,9.126000000000001,0.02,0.0,76.0,85.8,67.8
2020-06-05,7.874,0.21000000000000002,0.0,75.6,83.0,69.0
2020-06-06,8.812000000000001,0.05600000000000001,0.0,74.8,83.2,65.6
2020-06-07,9.484,0.0,0.0,73.0,81.6,65.0
2020-06-08,9.394,0.0,0.0,75.8,86.8,67.6
2020-06-09,12.124,0.11600000000000002,0.0,79.2,89.6,68.6
2020-06-10,10.602,0.202,0.0,76.0,85.0,66.2
2020-06-11,9.796000000000001,0.154,0.0,72.6,82.0,62.4
2020-06-12,8.187999999999999,0.002,0.0,72.4,81.6,62.6
2020-06-13,10.02,0.0,0.0,70.0,78.4,61.8
2020-06-14,8.054,0.08,0.0,69.0,77.0,60.0
2020-06-15,7.738000000000001,0.0,0.0,69.2,78.8,60.4
2020-06-16,9.214,0.0,0.0,70.4,80.2,62.6
2020-06-17,7.965999999999999,0.0,0.0,72.0,82.0,63.0
2020-06-18,7.647999999999999,0.0,0.0,73.0,82.2,64.8
2020-06-19,8.546000000000001,0.20800000000000002,0.0,75.4,84.6,66.2
2020-06-20,7.831999999999999,0.2,0.0,74.4,84.2,66.2
2020-06-21,8.052000000000001,0.068,0.0,74.8,83.0,67.0
2020-06-22,8.142,0.46799999999999997,0.0,74.6,85.2,66.6
2020-06-23,10.02,0.502,0.0,72.8,79.4,66.0
2020-06-24,8.319999999999999,0.048,0.0,73.4,82.6,66.2
2020-06-25,7.4719999999999995,0.046,0.0,74.4,83.0,67.0
2020-06-26,10.290000000000001,0.318,0.0,74.8,82.8,68.4
2020-06-27,9.528,0.084,0.0,75.2,84.0,68.4
2020-06-28,10.2,0.10400000000000001,0.0,76.6,84.4,70.8
2020-06-29,10.828,0.064,0.0,78.2,87.8,71.0
2020-06-30,9.440000000000001,0.008,0.0,76.2,85.4,70.6
2020-07-01,9.172,0.02,0.0,75.4,83.8,69.6
2020-07-02,7.337999999999999,0.076,0.0,77.0,87.6,68.8
2020-07-03,6.8,0.08399999999999999,0.0,79.0,89.0,69.8
2020-07-04,7.294,0.002,0.0,78.0,87.2,69.4
2020-07-05,6.486,0.202,0.0,79.2,89.6,70.6
2020-07-06,7.024000000000001,0.262,0.0,78.8,87.8,71.2
2020-07-07,7.92,0.038,0.0,77.6,86.2,70.8
2020-07-08,8.096,0.004,0.0,78.2,86.6,71.8
2020-07-09,8.68,0.166,0.0,79.2,87.4,72.0
2020-07-10,10.246,0.534,0.0,77.8,85.6,71.4
2020-07-11,10.290000000000001,0.008,0.0,78.6,87.2,72.0
2020-07-12,9.617999999999999,0.0,0.0,79.4,87.8,70.6
2020-07-13,9.168000000000001,0.0,0.0,78.8,88.2,70.2
2020-07-14,9.751999999999999,0.0,0.0,79.4,88.0,70.8
2020-07-15,9.082,0.134,0.0,78.6,85.0,70.6
2020-07-16,8.634,0.0,0.0,75.8,84.6,70.2
2020-07-17,8.144,0.02,0.0,78.0,87.0,71.0
2020-07-18,9.216,0.0,0.0,80.2,88.2,73.2
2020-07-19,9.618,0.036,0.0,79.4,86.8,72.4
2020-07-20,8.187999999999999,0.014000000000000002,0.0,80.2,89.2,71.8
2020-07-21,7.246,0.014000000000000002,0.0,78.8,86.4,71.6
2020-07-22,7.562,0.13799999999999998,0.0,77.4,87.0,70.2
2020-07-23,8.412,0.01,0.0,77.2,85.8,70.6
2020-07-24,6.978,0.06999999999999999,0.0,77.2,84.6,70.6
2020-07-25,7.428,0.012,0.0,77.8,86.2,70.4
2020-07-26,8.812000000000001,0.012,0.0,79.0,88.4,72.2
2020-07-27,8.724,0.002,0.0,79.4,86.8,71.8
2020-07-28,8.546000000000001,0.2,0.0,77.8,84.6,71.6
2020-07-29,8.992,0.23199999999999998,0.0,77.2,85.2,71.8
2020-07-30,10.602,0.019999999999999997,0.0,77.0,85.4,69.8
2020-07-31,8.772,0.21400000000000002,0.0,76.2,84.6,69.2
2020-08-01,6.714,0.0,0.0,77.0,85.8,68.8
2020-08-02,8.276,0.01,0.0,78.0,86.4,70.2
2020-08-03,8.32,0.052000000000000005,0.0,76.2,83.0,68.4
2020-08-04,9.216,0.024,0.0,74.2,83.2,66.8
2020-08-05,7.65,0.018,0.0,75.4,84.0,67.8
2020-08-06,7.337999999999999,0.006,0.0,76.0,84.6,69.0
2020-08-07,7.876,0.072,0.0,76.8,85.4,68.8
2020-08-08,7.784000000000001,0.0,0.0,77.8,87.2,70.4
2020-08-09,9.395999999999999,0.012,0.0,78.8,88.0,71.0
2020-08-10,10.290000000000001,0.118,0.0,78.6,88.4,71.4
2020-08-11,9.216,0.0,0.0,77.0,85.8,70.0
2020-08-12,7.292,0.118,0.0,78.2,88.0,70.8
2020-08-13,6.8,0.144,0.0,79.6,89.0,72.8
2020-08-14,8.142,0.02,0.0,80.2,89.4,72.4
2020-08-15,7.4719999999999995,0.11400000000000002,0.0,79.6,91.0,72.2
2020-08-16,8.814,0.11599999999999999,0.0,79.0,89.2,68.8
2020-08-17,6.622,0.012,0.0,76.4,85.2,68.8
2020-08-18,8.588,0.014000000000000002,0.0,77.6,86.8,68.2
2020-08-19,5.816,0.198,0.0,75.8,85.2,68.0
2020-08-20,6.578,0.064,0.0,75.2,85.2,67.4
2020-08-21,7.426,0.041999999999999996,0.0,76.4,85.4,69.0
2020-08-22,7.202,0.012,0.0,78.6,89.0,70.4
2020-08-23,6.396,0.0,0.0,78.8,87.8,71.2
2020-08-24,8.276,0.03,0.0,79.4,88.0,72.2
2020-08-25,8.453999999999999,0.26,0.0,79.2,86.2,71.6
2020-08-26,9.128,0.004,0.0,78.6,86.8,71.8
2020-08-27,7.425999999999999,0.142,0.0,78.8,90.0,71.8
2020-08-28,9.931999999999999,0.03,0.0,79.4,89.6,72.0
2020-08-29,10.738,0.022,0.0,78.2,85.6,71.2
2020-08-30,8.858,0.7300000000000001,0.0,75.6,84.0,66.0
2020-08-31,7.918000000000001,0.004,0.0,75.2,83.8,68.6
2020-09-01,9.44,0.41400000000000003,0.0,75.6,81.6,69.0
2020-09-02,8.142,0.12,0.0,74.0,81.8,69.4
2020-09-03,8.948,0.10200000000000001,0.0,76.0,84.4,69.2
2020-09-04,7.651999999999999,0.0,0.0,75.0,84.8,67.0
2020-09-05,7.918000000000001,0.074,0.0,75.6,85.4,67.0
2020-09-06,9.216,0.12,0.0,75.8,87.4,66.4
2020-09-07,8.68,0.046,0.0,77.0,84.0,67.0
2020-09-08,9.303999999999998,0.128,0.0,73.4,79.6,66.8
2020-09-09,8.768,0.372,0.0,71.6,77.0,63.0
2020-09-10,8.678,0.314,0.0,68.2,75.0,64.0
2020-09-11,7.654000000000001,0.012,0.0,70.6,77.8,65.0
2020-09-12,7.962000000000001,0.054000000000000006,0.0,71.0,78.2,64.4
2020-09-13,8.006,0.004,0.0,71.4,80.2,64.6
2020-09-14,8.232,0.0,0.0,72.6,81.0,64.4
2020-09-15,9.081999999999999,0.038,0.0,70.2,78.0,63.6
2020-09-16,9.662,0.24,0.0,70.2,78.8,63.0
2020-09-17,9.618,0.558,0.0,71.2,77.6,64.4
2020-09-18,10.064,0.008,0.0,69.6,77.6,60.4
2020-09-19,8.636,0.0,0.0,65.0,72.2,57.0
2020-09-20,9.308,0.0,0.0,63.0,73.0,53.8
2020-09-21,9.440000000000001,0.014000000000000002,0.0,64.2,72.6,56.2
2020-09-22,7.874,0.014000000000000002,0.0,64.0,73.6,56.2
2020-09-23,7.336,0.0,0.0,67.6,77.0,60.6
2020-09-24,6.398000000000001,0.196,0.0,68.0,76.4,60.0
2020-09-25,7.116,0.002,0.0,69.2,78.0,62.2
2020-09-26,7.83,0.0,0.0,70.6,80.0,64.0
2020-09-27,8.858,0.05,0.0,72.8,80.6,63.0
2020-09-28,10.738,0.06599999999999999,0.0,68.4,75.4,62.4
2020-09-29,9.172,0.08,0.0,64.2,72.6,56.2
2020-09-30,10.469999999999999,0.09,0.0,66.2,79.2,56.2
2020-10-01,8.588,0.041999999999999996,0.0,67.0,77.4,57.8
2020-10-02,7.425999999999999,0.008,0.0,62.8,72.0,53.0
2020-10-03,6.8,0.022,0.0,62.4,72.8,54.2
2020-10-04,6.843999999999999,0.0,0.0,62.0,72.8,52.2
2020-10-05,7.336,0.0,0.0,62.2,73.4,52.8
2020-10-06,7.874,0.014000000000000002,0.0,65.6,78.8,57.0
2020-10-07,8.860000000000001,0.0,0.0,69.4,79.6,59.8
2020-10-08,7.782000000000001,0.0,0.0,66.6,76.6,57.2
2020-10-09,8.546000000000001,0.026000000000000002,0.0,67.0,76.6,59.2
2020-10-10,9.486,0.9099999999999999,0.0,68.8,77.2,62.0
2020-10-11,9.036,0.01,0.0,69.2,76.4,62.0
2020-10-12,10.426,0.24200000000000005,0.0,67.6,73.2,58.6
2020-10-13,9.617999999999999,0.028000000000000004,0.0,65.6,76.4,55.6
2020-10-14,9.708,0.0,0.0,65.8,81.0,54.8
2020-10-15,10.692,0.0,0.0,67.4,75.0,57.0
2020-10-16,9.306000000000001,0.31,0.0,60.6,67.8,50.0
2020-10-17,10.738,0.03,0.0,57.8,70.0,48.2
2020-10-18,9.574,0.036,0.0,61.6,71.4,50.2
2020-10-19,7.65,0.01,0.0,58.0,66.4,51.6
2020-10-20,7.248,0.044,0.0,61.6,72.6,55.4
2020-10-21,7.378,0.076,0.0,65.2,72.8,60.4
2020-10-22,8.008,0.33399999999999996,0.0,66.4,76.4,61.2
2020-10-23,9.396,0.314,0.0,65.8,73.2,55.0
2020-10-24,7.608,0.496,0.0,58.6,65.6,51.8
2020-10-25,9.216,0.014000000000000002,0.0,56.4,61.6,51.8
2020-10-26,9.262,0.086,0.0,54.8,59.2,48.8
2020-10-27,7.56,0.033999999999999996,0.0,52.8,58.0,48.2
2020-10-28,7.83,0.122,0.0,54.2,61.2,48.4
2020-10-29,13.107999999999999,0.41600000000000004,0.0,56.8,64.2,44.4
2020-10-30,8.902000000000001,0.096,0.0,50.4,59.0,41.2
2020-10-31,8.5,0.0,0.0,50.6,63.8,40.8
2020-11-01,11.586,0.122,0.0,55.4,66.4,45.4
2020-11-02,10.693999999999999,0.0,0.0,49.8,59.2,40.8
2020-11-03,9.617999999999999,0.0,0.0,53.2,68.2,43.4
2020-11-04,9.352,0.0,0.0,58.4,70.8,47.4
2020-11-05,7.65,0.0,0.0,61.8,74.2,52.4
2020-11-06,9.128,0.0,0.0,63.2,73.0,54.6
2020-11-07,10.422,0.042,0.0,61.8,71.2,53.4
2020-11-08,11.006,0.0,0.0,61.8,72.0,53.2
2020-11-09,9.708,0.0,0.0,63.6,74.0,55.8
2020-11-10,11.408000000000001,0.082,0.0,64.2,70.6,51.2
2020-11-11,6.532000000000001,0.19,0.0,57.6,65.4,50.4
2020-11-12,8.902,0.068,0.0,58.0,68.0,47.8
2020-11-13,7.7379999999999995,0.03,0.0,54.8,62.2,46.0
2020-11-14,10.559999999999999,0.052000000000000005,0.0,53.8,64.8,45.4
2020-11-15,12.126000000000001,0.082,0.0,55.8,69.2,42.6
2020-11-16,9.394,0.0,0.0,53.8,65.2,43.2
2020-11-17,9.53,0.0,0.0,51.4,60.8,40.6
2020-11-18,11.544,0.0,0.0,49.0,58.2,40.4
2020-11-19,12.124,0.0,0.0,52.2,63.0,43.4
2020-11-20,8.23,0.0,0.0,56.6,66.6,48.0
2020-11-21,5.95,0.0,0.0,56.6,67.0,48.2
2020-11-22,8.142,0.002,0.0,54.2,61.6,45.8
2020-11-23,9.352,0.15,0.0,51.6,57.6,41.6
2020-11-24,9.53,0.23399999999999999,0.175,49.2,58.8,42.8
2020-11-25,8.054,0.152,0.0,52.6,60.2,45.8
2020-11-26,7.917999999999999,0.23199999999999998,0.0,55.2,65.0,46.4
2020-11-27,7.023999999999999,0.0,0.0,54.0,62.2,43.4
2020-11-28,8.052,0.12,0.0,52.0,61.4,43.4
2020-11-29,9.080000000000002,0.258,0.0,50.0,56.8,43.6
2020-11-30,13.780000000000001,0.27999999999999997,0.0,48.0,56.6,38.2
2020-12-01,11.544,0.0,0.0,43.6,53.8,33.8
2020-12-02,9.886,0.0,0.0,44.2,56.6,35.2
2020-12-03,8.856,0.0,0.0,44.6,54.4,36.4
2020-12-04,8.278,0.044,0.0,48.0,57.6,39.2
2020-12-05,8.364,0.22599999999999998,0.0,45.0,56.0,36.4
2020-12-06,8.680000000000001,0.012,0.0,45.8,53.2,38.4
2020-12-07,7.564,0.0,0.0,44.4,53.6,36.4
2020-12-08,9.262,0.0,0.0,45.4,55.0,37.0
2020-12-09,8.098,0.002,0.0,46.8,60.4,37.0
2020-12-10,6.978,0.0,0.0,50.4,63.4,39.2
2020-12-11,8.632,0.188,0.0,51.6,58.8,41.0
2020-12-12,8.498000000000001,0.174,0.0,49.4,56.6,41.4
2020-12-13,8.946,0.16799999999999998,0.0,48.8,55.6,42.2
2020-12-14,10.916,0.142,0.0,45.6,52.0,36.4
2020-12-15,9.618,0.006,0.0,40.0,47.2,32.8
2020-12-16,9.975999999999999,0.142,0.95,39.8,44.8,35.0
2020-12-17,9.974,0.098,0.85,39.6,46.4,32.2
2020-12-18,9.486,0.0,0.0,40.0,49.6,32.4
2020-12-19,6.622,0.0,0.0,43.6,51.2,34.2
2020-12-20,5.906000000000001,0.016,0.0,44.6,55.2,37.0
2020-12-21,8.008,0.0,0.0,47.6,59.6,39.0
2020-12-22,9.974,0.0,0.0,48.4,57.6,39.8
2020-12-23,12.706,0.034,0.0,50.6,59.8,36.6
2020-12-24,13.734,0.288,0.05,44.8,51.4,32.8
2020-12-25,12.348,0.118,0.0,40.2,50.2,28.0
2020-12-26,9.709999999999999,0.0,0.0,37.8,49.8,29.0
2020-12-27,8.278,0.0,0.0,43.6,56.2,35.6
2020-12-28,8.5,0.32599999999999996,0.0,45.2,52.6,35.4
2020-12-29,10.336,0.11000000000000001,0.65,44.6,55.0,36.2
2020-12-30,10.918000000000001,0.10800000000000001,0.0,45.2,52.0,35.0
2020-12-31,9.35,0.4039999999999999,0.0,42.2,48.0,35.4
2021-01-01,9.306000000000001,0.45,0.325,43.4,50.0,36.6
2021-01-02,7.470000000000001,0.014000000000000002,0.0,46.0,54.2,40.0
2021-01-03,8.99,0.03,0.1,43.8,50.6,36.2
2021-01-04,7.0680000000000005,0.002,0.0,42.6,51.6,35.0
2021-01-05,7.784000000000001,0.0,0.0,44.8,52.2,38.4
2021-01-06,8.904,0.0,0.0,44.8,52.8,38.0
2021-01-07,10.962,0.036000000000000004,0.0,43.0,48.4,37.2
2021-01-08,10.112,0.033999999999999996,0.05,40.8,46.6,34.4
2021-01-09,10.065999999999999,0.0,0.0,39.4,46.6,31.8
2021-01-10,7.112,0.024,0.0,39.6,45.8,32.4
2021-01-11,7.114,0.044,0.0,39.0,46.6,33.6
2021-01-12,7.470000000000001,0.0,0.0,41.2,49.8,33.2
2021-01-13,7.4719999999999995,0.0,0.0,42.4,54.4,33.8
2021-01-14,7.74,0.028000000000000004,0.0,45.4,58.0,35.2
2021-01-15,10.602,0.074,0.0,47.4,56.6,38.6
2021-01-16,8.994,0.19,0.175,45.8,54.0,37.8
2021-01-17,8.904,0.01,0.175,45.6,55.0,37.4
2021-01-18,9.396,0.0,0.025,45.0,55.6,35.2
2021-01-19,10.693999999999999,0.012,0.425,44.2,53.4,38.0
2021-01-20,9.347999999999999,0.088,0.05,44.4,52.2,36.2
2021-01-21,7.964,0.028000000000000004,0.0,44.8,51.6,38.4
2021-01-22,9.751999999999999,0.014000000000000002,0.0,43.4,50.0,36.8
2021-01-23,9.394,0.038,0.0,39.6,47.0,32.8
2021-01-24,9.664,0.024,0.0,41.8,49.8,36.2
2021-01-25,12.034,0.05,0.175,45.6,52.2,38.4
2021-01-26,10.424000000000001,0.202,1.325,45.4,49.8,38.6
2021-01-27,10.690000000000001,0.184,0.0,42.4,46.8,33.6
2021-01-28,11.629999999999999,0.178,0.0,36.2,44.0,26.6
2021-01-29,11.096,0.136,0.0,36.0,46.0,28.4
2021-01-30,12.706,0.094,1.125,40.8,50.6,34.8
2021-01-31,11.542,0.13799999999999998,1.75,41.4,46.8,35.8
2021-02-01,14.091999999999999,0.264,2.975,40.8,48.2,34.8
2021-02-02,12.302000000000001,0.006,0.0,40.8,48.6,35.4
2021-02-03,10.738,0.0,0.0,40.8,51.4,32.6
2021-02-04,11.23,0.062,0.575,44.8,52.2,34.6
2021-02-05,9.842,0.032,0.025,41.4,47.6,32.6
2021-02-06,9.708,0.154,0.175,38.6,46.0,29.6
2021-02-07,8.724,0.10600000000000001,1.725,34.8,42.6,27.4
2021-02-08,8.187999999999999,0.018,0.975,35.8,46.0,28.4
2021-02-09,8.008,0.002,0.025,36.4,43.4,30.8
2021-02-10,7.562,0.006,0.125,36.2,41.8,31.0
2021-02-11,8.860000000000001,0.148,0.65,36.0,41.4,30.6
2021-02-12,10.378,0.01,0.025,35.0,39.2,28.2
2021-02-13,11.23,0.124,0.8,31.6,36.4,26.8
2021-02-14,12.436,0.034,1.15,31.2,36.2,26.2
2021-02-15,12.123999999999999,0.21000000000000002,1.525,29.6,35.0,25.6
2021-02-16,11.41,0.154,0.2,30.6,39.0,23.0
2021-02-17,8.902,0.034,0.25,31.6,41.8,23.4
2021-02-18,9.708,0.292,1.4749999999999999,35.4,39.6,30.0
2021-02-19,9.17,0.012,0.175,34.0,41.6,26.4
2021-02-20,10.068000000000001,0.0,0.0,36.2,48.0,25.8
2021-02-21,10.336,0.064,0.3,42.6,55.8,32.2
2021-02-22,9.976,0.124,0.1,46.6,59.0,36.6
2021-02-23,10.559999999999999,0.0,0.0,50.4,63.6,40.6
2021-02-24,10.156,0.0,0.0,52.8,61.8,41.4
2021-02-25,9.396,0.13799999999999998,0.0,50.0,58.0,41.2
2021-02-26,7.606,0.242,0.0,47.6,55.0,39.8
2021-02-27,8.726,0.088,0.0,49.8,63.4,43.2
2021-02-28,9.437999999999999,0.06999999999999999,0.0,55.2,64.8,45.0
2021-03-01,10.826,0.088,0.0,50.6,57.4,40.0
2021-03-02,10.38,0.022,0.0,43.6,52.8,34.4
2021-03-03,9.040000000000001,0.066,0.0,47.0,61.0,36.4
2021-03-04,12.482000000000001,0.0,0.0,49.0,57.8,37.6
2021-03-05,11.456,0.0,0.0,47.6,59.4,37.6
2021-03-06,8.414,0.0,0.0,46.2,53.8,36.6
2021-03-07,8.5,0.0,0.0,45.2,56.6,37.0
2021-03-08,8.77,0.0,0.0,50.2,62.0,40.0
2021-03-09,11.498000000000001,0.0,0.0,54.6,67.4,43.6
2021-03-10,12.662,0.13999999999999999,0.0,57.0,65.4,49.0
2021-03-11,10.602,0.06999999999999999,0.0,57.2,65.6,49.8
2021-03-12,10.068,0.0,0.0,57.6,67.8,48.6
2021-03-13,10.559999999999999,0.0,0.0,55.8,66.0,46.2
2021-03-14,12.886000000000001,0.014000000000000002,0.0,56.0,64.0,45.4
2021-03-15,14.629999999999999,0.10600000000000001,0.45,49.6,57.2,41.6
2021-03-16,8.592,0.046,0.0,48.0,55.6,41.6
2021-03-17,10.514,0.29600000000000004,0.0,49.0,55.2,41.4
2021-03-18,15.526,0.262,0.0,50.0,56.8,43.8
2021-03-19,12.528,0.018,0.0,47.2,55.6,39.8
2021-03-20,8.858,0.0,0.0,48.8,60.0,39.0
2021-03-21,10.11,0.0,0.0,52.2,64.8,41.6
2021-03-22,9.798,0.22599999999999998,0.0,55.4,64.8,46.8
2021-03-23,9.754,0.048,0.0,56.6,66.8,49.2
2021-03-24,11.634,0.174,0.0,59.4,67.8,51.0
2021-03-25,10.648,0.25599999999999995,0.0,57.0,64.0,50.0
2021-03-26,10.11,0.134,0.0,57.0,68.4,49.2
2021-03-27,9.888,0.0,0.0,60.6,73.4,51.6
2021-03-28,12.258,0.17,0.0,59.0,66.8,47.8
2021-03-29,12.081999999999999,0.0,0.0,55.0,67.2,43.2
2021-03-30,12.036,0.016,0.0,58.2,69.0,47.8
2021-03-31,12.482,0.33799999999999997,0.0,57.2,65.4,45.6
2021-04-01,12.482000000000001,0.006,0.0,51.0,61.0,40.2
2021-04-02,10.246,0.0,0.0,47.4,57.8,37.0
2021-04-03,9.35,0.0,0.0,51.4,64.2,43.2
2021-04-04,7.1579999999999995,0.0,0.0,57.6,69.6,46.6
2021-04-05,11.454,0.0,0.0,62.2,73.4,52.8
2021-04-06,11.32,0.0,0.0,65.0,75.8,54.6
2021-04-07,9.172,0.0,0.0,65.8,75.6,55.4
2021-04-08,7.872,0.072,0.0,62.4,72.4,52.0
2021-04-09,9.440000000000001,0.0,0.0,61.2,68.6,54.6
2021-04-10,8.142,0.154,0.0,59.4,65.4,52.4
2021-04-11,8.142,0.09,0.0,59.0,69.2,50.6
2021-04-12,10.198,0.098,0.0,60.4,69.8,52.8
2021-04-13,9.304,0.074,0.0,59.6,69.2,51.2
2021-04-14,9.797999999999998,0.006,0.0,58.4,66.2,49.6
2021-04-15,9.575999999999999,0.27599999999999997,0.0,55.6,61.6,48.6
2021-04-16,8.592,0.186,0.0,53.6,60.6,46.6
2021-04-17,8.724,0.002,0.0,53.4,62.6,46.6
2021-04-18,8.278,0.0,0.0,57.4,70.6,47.2
2021-04-19,8.724,0.0,0.0,58.2,67.6,46.6
2021-04-20,9.303999999999998,0.0,0.0,56.0,63.2,45.6
2021-04-21,11.988,0.014000000000000002,0.0,52.0,59.4,41.8
2021-04-22,11.32,0.0,0.0,50.0,60.4,43.4
2021-04-23,10.288,0.176,0.0,56.0,66.0,48.2
2021-04-24,8.946000000000002,0.636,0.0,59.2,69.2,50.6
2021-04-25,11.766,0.1,0.0,57.0,65.8,49.4
2021-04-26,14.854000000000003,0.0,0.0,60.2,73.0,50.2
2021-04-27,10.604000000000001,0.0,0.0,65.2,72.8,55.2
2021-04-28,7.876,0.046,0.0,64.0,72.4,57.0
2021-04-29,9.262,0.326,0.0,64.0,72.8,57.6
2021-04-30,12.930000000000001,0.064,0.0,63.8,69.6,53.2
2021-05-01,11.228,0.004,0.0,61.0,73.8,51.6
2021-05-02,10.382,0.008,0.0,67.2,78.6,60.0
2021-05-03,9.216,0.45599999999999996,0.0,67.8,75.4,61.2
2021-05-04,9.262,0.48200000000000004,0.0,63.4,70.6,54.6
2021-05-05,8.052,0.062,0.0,59.8,68.6,52.2
2021-05-06,9.038,0.012,0.0,59.8,69.0,52.0
2021-05-07,10.065999999999999,0.0,0.0,59.8,68.8,50.8
2021-05-08,9.664,0.028000000000000004,0.0,59.2,68.8,51.6
2021-05-09,11.408,0.10999999999999999,0.0,61.8,71.0,52.6
2021-05-10,9.440000000000001,0.256,0.0,58.6,63.6,53.2
2021-05-11,9.484,0.162,0.0,58.4,66.0,53.2
2021-05-12,9.89,0.122,0.0,58.0,65.4,49.6
2021-05-13,7.428,0.0,0.0,59.0,69.6,51.2
2021-05-14,7.694,0.0,0.0,62.6,72.6,53.6
2021-05-15,8.187999999999999,0.002,0.0,63.8,73.0,55.4
2021-05-16,7.516,0.296,0.0,64.6,72.2,57.4
2021-05-17,8.547999999999998,0.122,0.0,65.6,73.8,57.6
2021-05-18,9.216,0.136,0.0,66.0,74.8,59.4
2021-05-19,9.260000000000002,0.008,0.0,69.4,78.6,61.8
2021-05-20,8.636,0.004,0.0,68.8,77.0,61.2
2021-05-21,9.93,0.0,0.0,69.4,80.2,61.0
2021-05-22,8.278,0.086,0.0,71.6,81.8,62.6
2021-05-23,9.129999999999999,0.008,0.0,73.0,81.2,62.2
2021-05-24,8.142,0.12,0.0,69.4,79.6,60.8
2021-05-25,9.664,0.10200000000000001,0.0,72.4,80.4,64.4
2021-05-26,9.796000000000001,0.162,0.0,72.8,82.0,63.6
2021-05-27,12.482000000000001,0.032,0.0,70.8,78.2,62.8
2021-05-28,11.32,0.366,0.0,65.0,70.0,56.6
2021-05-29,11.858,0.172,0.0,61.0,67.8,55.0
2021-05-30,8.634,0.188,0.0,60.4,68.2,53.2
2021-05-31,7.83,0.33999999999999997,0.0,63.6,72.6,57.6
2021-06-01,7.4719999999999995,0.01,0.0,65.2,74.6,57.0
2021-06-02,6.709999999999999,0.0,0.0,66.6,75.0,58.4
2021-06-03,6.396,0.046,0.0,68.8,78.8,61.4
2021-06-04,7.112,0.08,0.0,71.6,80.2,65.2
2021-06-05,8.364,0.24,0.0,74.0,84.4,66.2
2021-06-06,8.633999999999999,0.016,0.0,75.2,84.0,67.8
2021-06-07,7.516,0.17400000000000002,0.0,73.0,79.6,67.0
2021-06-08,7.426,0.198,0.0,73.6,84.4,67.8
2021-06-09,8.724,0.024,0.0,75.8,85.8,69.2
2021-06-10,9.797999999999998,0.02,0.0,75.0,83.8,66.2
2021-06-11,8.232,0.096,0.0,74.2,82.8,67.6
2021-06-12,7.382,0.3,0.0,74.6,83.4,65.8
2021-06-13,7.206,0.0,0.0,74.8,83.8,66.0
2021-06-14,8.546000000000001,0.013999999999999999,0.0,75.6,83.8,68.6
2021-06-15,8.319999999999999,0.014000000000000002,0.0,76.0,85.2,67.0
2021-06-16,7.784000000000001,0.0,0.0,74.2,84.0,64.6
2021-06-17,7.114,0.008,0.0,74.6,85.4,63.4
2021-06-18,8.59,0.041999999999999996,0.0,76.6,85.0,66.6
2021-06-19,9.262,0.476,0.0,75.6,84.0,66.2
2021-06-20,9.574,0.44800000000000006,0.0,73.6,82.8,66.6
2021-06-21,12.078,0.172,0.0,74.2,80.4,65.2
2021-06-22,9.398,0.11200000000000002,0.0,69.4,78.2,61.2
2021-06-23,10.828,0.004,0.0,70.8,81.0,63.4
2021-06-24,10.916,0.092,0.0,73.2,79.6,66.6
2021-06-25,10.022,0.262,0.0,73.2,80.2,67.8
2021-06-26,11.184000000000001,0.16,0.0,74.8,82.6,68.6
2021-06-27,10.244,0.0,0.0,76.2,83.6,69.6
2021-06-28,7.608,0.16,0.0,75.2,83.8,69.4
2021-06-29,8.678,0.13799999999999998,0.0,76.4,84.8,71.0
2021-06-30,7.159999999999999,0.06799999999999999,0.0,77.0,85.4,70.4
2021-07-01,8.588,0.11000000000000001,0.0,75.8,84.0,67.8
2021-07-02,7.202,0.262,0.0,72.0,77.6,66.4
2021-07-03,8.546,0.22000000000000003,0.0,71.2,78.6,65.0
2021-07-04,6.712000000000001,0.0,0.0,73.8,82.6,66.0
2021-07-05,9.036,0.0,0.0,76.2,84.0,68.2
2021-07-06,8.814,0.166,0.0,77.4,85.8,70.8
2021-07-07,7.114,0.034,0.0,76.6,85.8,69.0
2021-07-08,7.4719999999999995,0.06999999999999999,0.0,74.8,80.4,69.0
2021-07-09,10.065999999999999,0.242,0.0,74.2,82.6,68.4
2021-07-10,8.946000000000002,0.202,0.0,75.0,83.0,69.0
2021-07-11,9.303999999999998,0.11599999999999999,0.0,73.8,81.0,68.4
2021-07-12,7.651999999999999,0.098,0.0,74.8,81.8,69.4
2021-07-13,7.56,0.002,0.0,73.4,81.6,68.6
2021-07-14,8.144,0.032,0.0,76.2,85.2,69.4
2021-07-15,9.218,0.22400000000000003,0.0,77.2,85.0,69.8
2021-07-16,9.53,0.048,0.0,76.6,83.6,70.8
2021-07-17,9.394,0.05600000000000001,0.0,76.6,84.0,69.8
2021-07-18,8.096,0.122,0.0,76.6,85.2,70.6
2021-07-19,6.578,0.31999999999999995,0.0,75.4,82.4,69.2
2021-07-20,7.8740000000000006,0.062,0.0,75.6,84.2,69.6
2021-07-21,6.890000000000001,0.178,0.0,75.0,83.6,68.2
2021-07-22,6.9799999999999995,0.0,0.0,76.0,86.2,68.2
2021-07-23,7.784000000000001,0.082,0.0,78.4,87.2,71.0
2021-07-24,8.008,0.024,0.0,78.4,87.2,71.2
2021-07-25,8.367999999999999,0.092,0.0,78.4,86.6,71.4
2021-07-26,6.176,0.122,0.0,80.0,90.2,71.6
2021-07-27,7.604000000000001,0.04,0.0,79.4,87.6,71.8
2021-07-28,7.742,0.06599999999999999,0.0,78.6,87.4,71.2
2021-07-29,9.262,0.09000000000000001,0.0,79.0,86.2,71.2
2021-07-30,10.290000000000001,0.0,0.0,76.8,84.2,69.0
2021-07-31,8.412,0.0,0.0,75.6,83.6,67.4
2021-08-01,9.262,0.072,0.0,75.8,83.4,67.6
2021-08-02,7.92,0.344,0.0,73.4,83.2,66.0
2021-08-03,6.04,0.286,0.0,73.8,82.6,66.6
2021-08-04,6.04,0.0,0.0,74.2,81.8,67.6
2021-08-05,8.187999999999999,0.0,0.0,74.8,84.0,68.0
2021-08-06,9.216,0.038,0.0,76.4,84.0,68.4
2021-08-07,8.636,0.0,0.0,76.6,86.0,69.6
2021-08-08,9.978,0.11800000000000002,0.0,77.2,84.8,69.8
2021-08-09,9.395999999999999,0.146,0.0,76.4,84.2,71.0
2021-08-10,9.44,0.21000000000000002,0.0,78.0,87.0,70.8
2021-08-11,10.336,0.018,0.0,77.8,86.8,71.8
2021-08-12,8.814,0.088,0.0,80.0,88.4,72.8
2021-08-13,6.846000000000001,0.0,0.0,79.8,88.4,72.8
2021-08-14,7.337999999999999,0.21000000000000002,0.0,78.4,86.2,69.4
2021-08-15,6.756,0.02,0.0,75.0,82.6,68.0
2021-08-16,6.622,0.15,0.0,75.4,83.4,68.8
2021-08-17,8.59,0.6,0.0,75.2,82.6,70.2
2021-08-18,7.114,0.27,0.0,75.8,83.8,70.6
2021-08-19,9.978,0.05,0.0,78.6,87.8,73.0
2021-08-20,8.814,0.0,0.0,79.0,87.0,72.2
2021-08-21,8.5,0.546,0.0,78.2,85.2,72.2
2021-08-22,9.708,0.576,0.0,77.0,83.4,72.2
2021-08-23,8.456,0.146,0.0,77.6,87.8,70.4
2021-08-24,7.606,0.382,0.0,80.8,90.0,71.8
2021-08-25,6.532000000000001,0.13,0.0,79.8,89.6,70.8
2021-08-26,6.444,0.0,0.0,79.2,89.0,72.0
2021-08-27,7.292,0.006,0.0,79.8,88.6,72.2
2021-08-28,8.722,0.178,0.0,77.6,84.8,70.4
2021-08-29,7.781999999999999,0.05600000000000001,0.0,75.8,83.0,70.4
2021-08-30,6.398,0.03,0.0,76.6,84.6,70.4
2021-08-31,8.23,0.068,0.0,76.8,84.0,70.6
2021-09-01,10.559999999999999,0.512,0.0,76.2,83.0,68.6
2021-09-02,9.620000000000001,0.041999999999999996,0.0,74.6,82.8,67.0
2021-09-03,8.096,0.002,0.0,73.0,80.2,66.2
2021-09-04,7.382,0.0,0.0,73.4,82.0,65.6
2021-09-05,8.187999999999999,0.018,0.0,73.8,82.8,65.4
2021-09-06,6.980000000000001,0.0,0.0,76.2,85.0,69.2
2021-09-07,7.382,0.034,0.0,75.0,85.4,66.8
2021-09-08,9.978,0.018,0.0,74.2,82.6,66.0
2021-09-09,7.425999999999999,0.074,0.0,72.6,82.8,64.4
2021-09-10,8.636,0.0,0.0,71.8,81.0,62.6
2021-09-11,7.514,0.0,0.0,73.6,83.6,64.0
2021-09-12,8.632,0.0,0.0,74.6,83.6,65.0
2021-09-13,7.246,0.036,0.0,74.8,84.0,66.8
2021-09-14,7.426,0.0,0.0,74.4,81.6,66.6
2021-09-15,7.92,0.088,0.0,72.2,80.0,65.6
2021-09-16,7.696000000000001,0.092,0.0,72.0,80.2,65.6
2021-09-17,7.1579999999999995,0.09,0.0,73.4,81.6,67.6
2021-09-18,7.832000000000001,0.014000000000000002,0.0,74.4,82.8,68.2
2021-09-19,6.756,0.192,0.0,74.2,82.8,66.6
2021-09-20,9.486,0.20400000000000001,0.0,74.2,82.2,67.0
2021-09-21,9.84,0.132,0.0,73.4,81.4,64.2
2021-09-22,11.052,0.10200000000000001,0.0,70.0,76.0,62.2
2021-09-23,10.154,0.132,0.0,67.4,75.4,57.0
2021-09-24,8.098,0.11400000000000002,0.0,66.2,77.2,56.2
2021-09-25,6.709999999999999,0.0,0.0,67.0,76.6,57.0
2021-09-26,9.128,0.0,0.0,69.0,79.2,60.0
2021-09-27,8.546,0.0,0.0,70.8,81.2,62.4
2021-09-28,7.92,0.018,0.0,70.6,79.4,63.2
2021-09-29,7.825999999999999,0.0,0.0,69.8,80.2,60.8
2021-09-30,6.3100000000000005,0.012,0.0,70.4,79.8,61.4
2021-10-01,6.04,0.1,0.0,69.8,81.2,60.8
2021-10-02,7.337999999999999,0.02,0.0,71.0,81.0,63.4
2021-10-03,6.220000000000001,0.13,0.0,71.8,81.4,63.0
2021-10-04,7.874,0.06999999999999999,0.0,70.6,79.0,63.6
2021-10-05,8.994,0.33599999999999997,0.0,68.4,73.6,63.4
2021-10-06,7.023999999999999,0.038,0.0,68.6,75.0,63.4
2021-10-07,5.95,0.198,0.0,69.8,77.8,64.0
2021-10-08,8.01,0.004,0.0,70.8,79.4,64.0
2021-10-09,9.617999999999999,0.002,0.0,70.2,79.4,62.6
2021-10-10,11.047999999999998,0.178,0.0,71.0,79.6,62.8
2021-10-11,9.484,0.15,0.0,69.0,76.8,60.8
2021-10-12,8.096,0.002,0.0,67.0,74.2,59.6
2021-10-13,7.202,0.24,0.0,67.6,76.4,58.4
2021-10-14,5.728,0.034,0.0,68.6,78.0,60.6
2021-10-15,7.516,0.004,0.0,68.4,77.8,58.0
2021-10-16,10.782,0.032,0.0,65.2,73.6,53.0
2021-10-17,8.768,0.0,0.0,59.4,69.0,49.0
2021-10-18,8.41,0.0,0.0,59.2,70.2,50.0
2021-10-19,8.902,0.0,0.0,61.2,72.6,52.4
2021-10-20,7.917999999999999,0.0,0.0,65.0,75.8,57.0
2021-10-21,8.366,0.004,0.0,64.8,74.0,55.4
2021-10-22,7.7379999999999995,0.036,0.0,62.2,70.4,54.4
2021-10-23,7.964,0.030000000000000006,0.0,60.6,69.4,53.2
2021-10-24,9.216000000000001,0.372,0.0,60.4,69.2,52.8
2021-10-25,10.696000000000002,0.23399999999999999,0.0,63.8,71.6,56.8
2021-10-26,11.498000000000001,0.648,0.0,61.6,69.0,53.4
2021-10-27,10.065999999999999,0.18,0.0,59.4,69.6,50.2
2021-10-28,11.364,0.13599999999999998,0.0,59.6,67.0,53.8
2021-10-29,14.094,0.192,0.0,59.0,64.6,52.4
2021-10-30,8.722,0.022,0.0,57.4,65.4,51.2
2021-10-31,9.35,0.022,0.0,58.2,65.6,50.2
2021-11-01,7.962000000000001,0.0,0.0,56.0,65.2,47.4
2021-11-02,8.142,0.08,0.0,53.6,59.8,45.8
2021-11-03,8.184000000000001,0.16799999999999998,0.0,49.0,55.2,43.2
2021-11-04,6.442,0.018,0.0,48.4,54.6,43.0
2021-11-05,7.382,0.0,0.0,49.0,57.4,42.2
2021-11-06,7.382,0.0,0.0,50.6,60.4,42.8
2021-11-07,7.470000000000001,0.0,0.0,52.6,64.8,43.6
2021-11-08,7.382000000000001,0.0,0.0,57.4,69.2,48.0
2021-11-09,6.9799999999999995,0.0,0.0,59.2,69.4,48.8
2021-11-10,8.096,0.254,0.0,59.4,69.6,49.8
2021-11-11,8.858,0.22799999999999998,0.0,59.2,68.8,47.4
2021-11-12,10.02,0.052000000000000005,0.0,58.6,67.4,47.8
2021-11-13,9.26,0.034,0.0,53.8,62.8,42.6
2021-11-14,9.528,0.006,0.0,50.2,60.2,42.2
2021-11-15,7.828,0.002,0.0,50.8,61.0,42.8
2021-11-16,10.336,0.0,0.0,53.2,64.4,46.0
2021-11-17,9.751999999999999,0.026000000000000002,0.0,58.4,68.2,46.4
2021-11-18,11.004000000000001,0.012,0.0,54.2,61.0,44.6
2021-11-19,9.485999999999999,0.012,0.0,48.0,56.0,40.0
2021-11-20,8.858,0.0,0.0,48.8,58.0,41.6
2021-11-21,8.544,0.0,0.0,54.6,66.6,43.8
2021-11-22,10.065999999999999,0.07999999999999999,0.0,53.2,60.8,39.6
2021-11-23,10.872,0.0,0.0,47.0,56.6,37.8
2021-11-24,9.976,0.008,0.0,49.2,61.2,41.4
2021-11-25,9.437999999999999,0.032,0.0,52.2,62.2,37.0
2021-11-26,9.664,0.028000000000000004,0.0,46.2,53.8,35.8
2021-11-27,9.574,0.122,0.0,45.8,56.6,38.4
2021-11-28,7.114,0.0,0.0,47.2,55.4,39.2
2021-11-29,9.126000000000001,0.0,0.0,47.0,57.6,37.6
2021-11-30,7.066,0.0,0.0,48.6,60.2,39.4
2021-12-01,7.114,0.0,0.0,51.8,61.8,44.2
2021-12-02,8.367999999999999,0.006,0.0,55.4,66.4,47.4
2021-12-03,9.260000000000002,0.0,0.0,55.6,62.4,47.2
2021-12-04,6.174,0.0,0.0,52.8,59.6,46.2
2021-12-05,7.07,0.052000000000000005,0.0,52.8,59.6,46.4
2021-12-06,13.02,0.182,0.0,52.4,58.4,38.6
2021-12-07,6.978,0.002,0.0,42.6,49.4,35.4
2021-12-08,6.622,0.144,0.0,44.6,51.2,38.8
2021-12-09,10.334,0.008,0.0,47.6,56.2,42.2
2021-12-10,8.32,0.254,0.0,52.6,62.8,46.4
2021-12-11,12.347999999999999,0.124,0.0,54.0,67.2,42.0
2021-12-12,10.428,0.0,0.0,47.0,57.2,37.4
2021-12-13,8.5,0.004,0.0,48.2,58.8,39.6
2021-12-14,9.440000000000001,0.264,0.0,51.4,62.8,41.8
2021-12-15,12.794,0.0,0.0,54.4,63.4,46.2
2021-12-16,10.288,0.022,0.0,56.4,65.4,47.0
2021-12-17,7.8740000000000006,0.0,0.0,54.0,62.2,48.0
2021-12-18,9.530000000000001,0.21600000000000003,0.0,52.6,59.4,43.4
2021-12-19,9.53,0.014000000000000002,0.0,45.2,51.8,35.0
2021-12-20,8.276,0.02,0.0,40.8,48.6,35.4
2021-12-21,7.516,0.034,0.0,42.6,51.6,36.2
2021-12-22,9.618,0.022,0.0,44.2,53.2,36.8
2021-12-23,10.336,0.296,0.0,46.2,55.8,39.0
2021-12-24,10.022,0.064,0.05,50.2,61.4,42.8
2021-12-25,8.5,0.08,0.0,55.0,63.2,45.4
2021-12-26,11.186,0.10800000000000001,0.0,53.8,61.6,45.6
2021-12-27,9.123999999999999,0.128,0.0,52.2,58.0,45.8
2021-12-28,8.142,0.092,0.375,53.2,59.0,46.6
2021-12-29,7.336,0.398,0.1,52.2,57.0,46.6
2021-12-30,6.442,1.2120000000000002,0.0,51.4,57.6,46.6
2021-12-31,6.709999999999999,0.004,0.0,53.0,59.4,47.0
2022-01-01,11.364,0.312,0.8,55.0,60.6,42.4
2022-01-02,10.74,0.28,0.225,45.0,53.2,33.2
2022-01-03,11.588,0.036,0.0,36.2,45.4,26.0
2022-01-04,9.842,0.0,0.0,37.4,48.8,29.8
2022-01-05,9.662,0.057999999999999996,0.025,42.4,53.2,33.4
2022-01-06,10.244,0.01,0.0,39.0,45.4,30.0
2022-01-07,9.89,0.062,1.55,31.6,39.4,24.8
2022-01-08,10.202,0.016,0.0,37.0,48.4,32.4
2022-01-09,11.408,0.122,0.0,44.4,55.4,33.6
2022-01-10,11.008,0.0,0.0,39.6,48.0,29.0
2022-01-11,9.482,0.0,0.0,36.6,50.6,26.2
2022-01-12,6.9799999999999995,0.0,0.0,43.8,56.4,32.8
2022-01-13,5.862,0.0,0.0,47.2,59.2,37.6
2022-01-14,11.812000000000001,0.002,0.025,47.8,57.4,35.6
2022-01-15,14.404,0.04,0.05,38.8,43.0,31.0
2022-01-16,9.262,0.258,0.15,35.4,47.8,28.6
2022-01-17,12.662,0.2,0.0,41.6,48.2,35.8
2022-01-18,12.168000000000001,0.0,0.0,43.6,55.4,35.0
2022-01-19,10.782,0.0,0.0,45.8,55.2,30.6
2022-01-20,11.856,0.11200000000000002,0.025,38.4,46.0,26.2
2022-01-21,8.904,0.002,0.0,31.6,40.0,24.0
2022-01-22,8.01,0.004,0.05,36.6,47.0,29.2
2022-01-23,7.965999999999999,0.048,0.9,38.4,50.2,27.0
2022-01-24,7.562,0.028000000000000004,0.5750000000000001,40.6,50.4,31.6
2022-01-25,8.766,0.0,0.0,41.0,48.2,31.8
2022-01-26,8.99,0.0,0.0,33.4,43.6,23.0
2022-01-27,8.232000000000001,0.0,0.0,36.6,47.8,28.8
2022-01-28,8.636,0.044,1.3499999999999999,39.6,49.0,29.8
2022-01-29,11.856,0.11599999999999999,2.325,35.4,45.6,25.2
2022-01-30,8.636,0.0,0.0,37.2,50.8,25.8
2022-01-31,6.486,0.0,0.0,42.4,51.4,34.0
2022-02-01,8.588,0.018,0.05,45.8,56.0,38.2
2022-02-02,10.870000000000001,0.29600000000000004,1.4000000000000001,43.8,52.0,32.8
2022-02-03,11.408,0.366,0.375,39.0,46.8,32.8
2022-02-04,11.139999999999999,0.356,0.15,39.4,48.4,27.6
2022-02-05,10.648,0.0,0.0,33.2,42.8,22.8
2022-02-06,8.32,0.0,0.0,36.2,48.6,27.2
2022-02-07,7.606,0.05600000000000001,0.0,42.4,51.4,34.0
2022-02-08,9.975999999999999,0.024,0.0,44.2,57.6,34.0
2022-02-09,7.292,0.0,0.0,47.0,59.8,35.2
2022-02-10,8.322,0.002,0.025,50.2,62.8,37.8
2022-02-11,10.378,0.016,0.125,52.0,64.4,39.8
2022-02-12,11.096,0.0,0.0,49.4,60.8,36.8
2022-02-13,9.26,0.05,0.7,42.2,52.4,32.2
2022-02-14,9.664,0.0,0.0,39.4,51.0,29.8
2022-02-15,11.856,0.002,0.0,42.8,54.4,34.2
2022-02-16,12.75,0.16599999999999998,0.0,50.8,60.4,42.6
2022-02-17,15.884,0.294,0.725,51.2,61.0,38.8
2022-02-18,12.884,0.128,0.0,42.6,55.6,28.4
2022-02-19,11.006,0.0,0.0,39.4,51.8,28.2
2022-02-20,11.9,0.0,0.0,42.6,54.6,32.0
2022-02-21,9.126000000000001,0.186,0.0,49.8,59.8,43.0
2022-02-22,13.602,0.308,0.0,51.0,60.2,37.8
2022-02-23,11.946000000000002,0.048,0.025,44.6,51.4,36.4
2022-02-24,10.02,0.024,0.275,40.6,46.2,34.6
2022-02-25,10.558,0.18200000000000002,0.575,41.0,48.2,31.0
2022-02-26,9.126000000000001,0.002,0.0,38.4,48.0,30.8
2022-02-27,9.754000000000001,0.08199999999999999,0.0,44.0,55.6,35.8
2022-02-28,7.336,0.0,0.0,46.4,60.4,35.0
2022-03-01,6.8,0.0,0.0,50.8,64.6,38.8
2022-03-02,8.098,0.0,0.0,53.8,69.0,42.8
2022-03-03,9.932,0.016,0.0,52.8,61.6,41.0
2022-03-04,10.512,0.0,0.0,49.4,58.6,41.0
2022-03-05,13.422,0.024,0.0,54.4,66.4,46.6
2022-03-06,10.648,0.044,0.0,57.4,68.4,44.0
2022-03-07,11.364,0.122,0.725,50.6,58.2,43.0
2022-03-08,9.172,0.23199999999999998,0.0,45.8,52.8,37.8
2022-03-09,7.874,0.21200000000000002,0.05,45.2,52.6,37.2
2022-03-10,6.754,0.004,0.15,45.6,56.0,37.8
2022-03-11,10.602,0.002,0.075,43.8,51.2,34.8
2022-03-12,13.468,0.314,0.075,40.0,50.8,27.4
2022-03-13,11.808,0.0,0.0,41.0,55.0,31.4
2022-03-14,10.288,0.016,0.0,51.4,66.2,41.8
2022-03-15,8.367999999999999,0.064,0.0,53.4,64.0,44.6
2022-03-16,9.262,0.194,0.0,56.4,70.0,45.8
2022-03-17,9.888,0.016,0.0,59.6,71.4,50.6
2022-03-18,11.362,0.28200000000000003,0.0,55.8,61.8,48.0
2022-03-19,9.306000000000001,0.05,0.0,54.4,62.6,45.6
2022-03-20,13.288,0.0,0.0,56.2,69.6,45.4
2022-03-21,10.872,0.176,0.0,59.0,70.8,47.4
2022-03-22,12.662,0.044,0.0,57.2,65.4,48.8
2022-03-23,11.767999999999999,0.192,0.0,57.4,66.0,49.6
2022-03-24,9.530000000000001,0.23600000000000004,0.0,52.8,60.0,43.6
2022-03-25,9.888,0.008,0.0,53.0,63.4,44.4
2022-03-26,11.453999999999999,0.0,0.0,52.6,60.8,43.8
2022-03-27,12.258,0.0,0.0,51.4,62.0,40.2
2022-03-28,13.691999999999998,0.20400000000000001,0.0,49.0,56.8,40.4
2022-03-29,14.718,0.014000000000000002,0.0,50.8,60.0,44.6
2022-03-30,11.453999999999999,0.414,0.0,55.4,65.2,45.6
2022-03-31,11.902000000000001,0.238,0.0,55.2,62.2,46.0
2022-04-01,11.498,0.02,0.025,53.4,62.6,44.4
2022-04-02,9.442,0.068,0.025,52.2,61.0,45.4
2022-04-03,9.842,0.054000000000000006,0.0,54.2,63.4,45.8
2022-04-04,9.576,0.28,0.0,56.0,65.6,48.4
2022-04-05,8.501999999999999,0.458,0.0,57.2,68.2,48.2
2022-04-06,12.794,0.438,0.0,60.4,66.8,53.2
2022-04-07,13.604,0.10600000000000001,0.0,57.8,66.4,49.0
2022-04-08,11.452000000000002,0.072,0.0,57.0,65.8,47.8
2022-04-09,9.886,0.006,0.0,54.0,66.8,44.8
2022-04-10,12.928,0.0,0.0,56.8,69.0,47.0
2022-04-11,11.856,0.0,0.0,61.0,69.2,52.0
2022-04-12,12.706,0.054000000000000006,0.0,62.6,74.8,52.6
2022-04-13,12.482,0.054000000000000006,0.0,65.0,72.6,52.0
2022-04-14,11.72,0.04,0.0,59.0,68.2,49.0
2022-04-15,12.081999999999999,0.004,0.0,59.2,69.6,48.6
2022-04-16,11.276,0.22800000000000004,0.0,59.2,66.4,49.8
2022-04-17,9.574,0.004,0.0,54.6,62.4,48.2
2022-04-18,11.23,0.22399999999999998,0.05,54.0,62.0,45.0
2022-04-19,13.156,0.118,0.0,53.0,62.0,45.8
2022-04-20,13.913999999999998,0.048,0.0,57.2,68.4,49.6
2022-04-21,11.632,0.05,0.0,61.0,70.4,54.2
2022-04-22,12.57,0.166,0.0,63.0,71.0,55.0
2022-04-23,12.75,0.0,0.0,64.8,75.4,56.2
2022-04-24,11.454,0.16399999999999998,0.0,67.2,76.2,54.8
2022-04-25,9.484,0.10800000000000001,0.0,61.2,69.4,52.2
2022-04-26,8.456,0.03,0.0,58.6,66.6,49.6
2022-04-27,11.634,0.0,0.0,56.0,65.2,45.8
2022-04-28,12.75,0.0,0.0,57.2,66.6,50.0
2022-04-29,12.975999999999999,0.008,0.0,61.6,72.0,53.8
2022-04-30,10.379999999999999,0.308,0.0,64.4,74.0,54.6
2022-05-01,9.262,0.0,0.0,62.8,70.8,54.2
2022-05-02,9.932,0.242,0.0,63.8,70.0,57.2
2022-05-03,10.604,0.384,0.0,61.2,68.4,54.4
2022-05-04,8.276,0.13,0.0,61.0,73.4,53.8
2022-05-05,8.5,0.088,0.0,64.6,71.6,56.0
2022-05-06,9.396,0.258,0.0,62.2,69.4,54.8
2022-05-07,12.706,0.192,0.0,62.0,69.0,54.8
2022-05-08,13.108,0.0,0.0,62.0,70.4,54.4
2022-05-09,15.392000000000001,0.0,0.0,65.6,77.2,56.8
2022-05-10,12.258,0.0,0.0,69.4,80.6,61.2
2022-05-11,10.962,0.0,0.0,71.0,80.6,62.0
2022-05-12,10.47,0.0,0.0,72.2,82.8,63.2
2022-05-13,9.216,0.0,0.0,72.6,83.4,63.2
2022-05-14,6.040000000000001,0.03,0.0,72.8,82.4,62.8
2022-05-15,7.83,0.0,0.0,71.4,82.0,61.6
2022-05-16,9.082,0.018,0.0,69.2,78.2,61.0
2022-05-17,10.511999999999999,0.0,0.0,69.4,79.0,60.0
2022-05-18,10.158,0.057999999999999996,0.0,67.8,76.6,60.4
2022-05-19,10.873999999999999,0.21200000000000002,0.0,69.8,80.2,62.0
2022-05-20,11.674,0.19,0.0,71.6,80.6,62.4
2022-05-21,9.081999999999999,0.08399999999999999,0.0,70.8,80.0,61.4
2022-05-22,9.888,0.004,0.0,67.2,74.2,60.4
2022-05-23,9.35,0.302,0.0,64.6,72.0,58.0
2022-05-24,9.306000000000001,0.258,0.0,65.2,72.4,58.6
2022-05-25,9.98,0.092,0.0,64.2,73.4,59.0
2022-05-26,8.994,0.036,0.0,67.6,75.6,60.0
2022-05-27,9.844,0.038,0.0,67.4,76.2,59.8
2022-05-28,9.796,0.032,0.0,68.6,78.6,60.0
2022-05-29,11.318,0.0,0.0,73.0,82.0,64.4
2022-05-30,13.108,0.0,0.0,74.6,84.2,66.6
2022-05-31,11.092,0.0,0.0,77.0,86.6,67.8
2022-06-01,7.202,0.738,0.0,73.0,79.2,63.6
2022-06-02,7.828,0.13799999999999998,0.0,71.2,80.2,63.4
2022-06-03,7.606,0.022,0.0,70.8,78.2,63.8
2022-06-04,7.696000000000001,0.0,0.0,69.8,77.4,62.0
2022-06-05,8.860000000000001,0.002,0.0,71.0,80.4,63.2
2022-06-06,10.022,0.29,0.0,72.6,81.4,64.6
2022-06-07,10.336,0.154,0.0,71.4,79.6,64.6
2022-06-08,9.395999999999999,0.23200000000000004,0.0,72.2,79.2,66.0
2022-06-09,9.528,0.12,0.0,72.0,83.0,64.2
2022-06-10,7.696000000000001,0.004,0.0,73.0,83.0,64.8
2022-06-11,7.473999999999999,0.0,0.0,74.2,83.2,67.2
2022-06-12,9.35,0.03,0.0,74.8,81.6,67.4
2022-06-13,9.706,0.178,0.0,76.8,87.6,68.2
2022-06-14,10.825999999999999,0.0,0.0,79.4,89.2,70.2
2022-06-15,11.632,0.098,0.0,80.4,88.6,72.0
2022-06-16,9.84,0.06799999999999999,0.0,79.0,87.4,71.4
2022-06-17,9.975999999999999,0.0,0.0,79.8,89.0,69.2
2022-06-18,11.588,0.0,0.0,75.2,83.0,64.2
2022-06-19,9.751999999999999,0.0,0.0,73.0,84.6,62.8
2022-06-20,8.636,0.0,0.0,77.2,90.0,65.2
2022-06-21,8.366,0.004,0.0,80.0,90.2,69.6
2022-06-22,9.352,0.028000000000000004,0.0,78.0,85.2,68.8
2022-06-23,8.276,0.0,0.0,77.8,86.4,68.8
2022-06-24,9.172,0.002,0.0,78.0,87.2,68.8
2022-06-25,8.232,0.048,0.0,78.0,86.2,70.0
2022-06-26,9.172,0.0,0.0,78.0,85.8,69.4
2022-06-27,8.498000000000001,0.55,0.0,74.6,83.0,67.0
2022-06-28,8.052,0.018,0.0,74.4,82.6,67.2
2022-06-29,7.965999999999999,0.048,0.0,75.6,86.2,68.0
2022-06-30,9.440000000000001,0.0,0.0,77.8,88.2,70.0
2022-07-01,8.052,0.002,0.0,77.2,84.0,70.0
2022-07-02,7.4719999999999995,0.0,0.0,77.6,87.4,70.0
2022-07-03,7.828,0.118,0.0,79.2,88.6,70.6
2022-07-04,9.216,0.476,0.0,78.4,87.8,70.2
2022-07-05,9.934000000000001,0.136,0.0,79.0,89.6,70.8
2022-07-06,9.796000000000001,0.06999999999999999,0.0,79.6,88.0,72.4
2022-07-07,8.814,0.0,0.0,79.6,88.0,71.6
2022-07-08,8.5,0.05600000000000001,0.0,78.4,86.4,70.4
2022-07-09,8.232,0.008,0.0,77.4,85.4,70.2
2022-07-10,7.874,0.034,0.0,77.0,85.8,68.6
2022-07-11,10.378,0.002,0.0,77.0,84.2,70.2
2022-07-12,9.486,0.0,0.0,77.4,86.0,70.4
2022-07-13,8.724,0.05,0.0,78.8,87.6,70.4
2022-07-14,8.054,0.0,0.0,77.0,86.0,69.8
2022-07-15,6.934,0.16399999999999998,0.0,76.4,83.6,69.4
2022-07-16,7.828,0.004,0.0,76.6,84.4,70.0
2022-07-17,8.591999999999999,0.008,0.0,78.6,88.4,72.2
2022-07-18,10.292,0.10600000000000001,0.0,81.0,91.0,73.4
2022-07-19,11.45,0.118,0.0,80.8,91.2,72.6
2022-07-20,11.498000000000001,0.0,0.0,82.4,92.0,74.6
2022-07-21,9.44,0.022,0.0,80.8,87.6,73.2
2022-07-22,8.59,0.026000000000000002,0.0,81.4,90.8,73.0
2022-07-23,8.948,0.354,0.0,80.0,90.0,72.2
2022-07-24,10.158,0.064,0.0,81.4,90.4,73.8
2022-07-25,9.214,0.046,0.0,79.6,86.6,71.8
2022-07-26,8.634,0.0,0.0,78.4,86.6,70.8
2022-07-27,9.08,0.0,0.0,79.2,87.6,71.8
2022-07-28,9.304,0.038,0.0,79.0,86.6,72.6
2022-07-29,8.546,0.046,0.0,79.4,87.8,72.2
2022-07-30,7.426,0.006,0.0,79.6,88.2,71.6
2022-07-31,8.812000000000001,0.0,0.0,79.6,89.2,71.6
2022-08-01,9.35,0.05,0.0,79.0,85.2,72.8
2022-08-02,10.334,0.0,0.0,79.4,90.0,71.8
2022-08-03,10.424,0.002,0.0,81.2,90.0,74.2
2022-08-04,9.35,0.11200000000000002,0.0,79.8,88.6,71.6
2022-08-05,8.588,0.038,0.0,80.4,89.8,72.6
2022-08-06,9.35,0.24,0.0,80.4,90.2,72.8
2022-08-07,8.68,0.042,0.0,80.0,88.8,73.4
2022-08-08,9.574000000000002,0.048,0.0,80.6,88.6,72.8
2022-08-09,8.412,0.238,0.0,79.0,89.0,71.8
2022-08-10,6.802,0.254,0.0,78.2,88.2,70.2
2022-08-11,8.008,0.162,0.0,77.2,86.0,69.4
2022-08-12,8.010000000000002,0.002,0.0,76.6,85.8,69.2
2022-08-13,8.814,0.0,0.0,77.2,85.0,70.0
2022-08-14,7.83,0.0,0.0,77.0,85.4,69.0
2022-08-15,8.453999999999999,0.026000000000000002,0.0,77.2,85.8,70.4
2022-08-16,8.28,0.0,0.0,76.6,85.6,69.0
2022-08-17,8.052,0.26799999999999996,0.0,76.2,85.0,66.4
2022-08-18,6.890000000000001,0.0,0.0,73.6,81.6,66.0
2022-08-19,8.05,0.041999999999999996,0.0,75.4,84.2,69.2
2022-08-20,7.603999999999999,0.13,0.0,76.2,84.6,70.4
2022-08-21,8.232,0.7099999999999999,0.0,75.8,82.6,69.6
2022-08-22,6.9319999999999995,1.1380000000000001,0.0,73.6,80.2,69.2
2022-08-23,7.07,0.06,0.0,74.2,83.8,68.8
2022-08-24,6.6659999999999995,0.038,0.0,76.6,85.8,70.6
2022-08-25,7.114,0.188,0.0,76.8,85.8,69.2
2022-08-26,7.1579999999999995,0.03,0.0,76.0,84.4,69.4
2022-08-27,6.488000000000001,0.0,0.0,77.4,87.6,69.4
2022-08-28,9.886,0.076,0.0,78.6,86.8,71.8
2022-08-29,9.082,0.082,0.0,77.8,86.0,71.6
2022-08-30,8.9,0.068,0.0,76.6,84.8,70.4
2022-08-31,8.5,0.03,0.0,76.6,87.2,69.6
2022-09-01,7.024000000000001,0.046,0.0,78.6,88.2,70.0
2022-09-02,7.426,0.038,0.0,76.8,85.0,70.2
2022-09-03,7.382000000000001,0.0,0.0,77.4,88.8,69.4
2022-09-04,8.276,0.05800000000000001,0.0,77.6,87.4,72.2
2022-09-05,8.142,0.02,0.0,75.8,84.6,69.8
2022-09-06,6.756,0.174,0.0,76.6,84.4,69.6
2022-09-07,8.01,0.0,0.0,76.0,85.0,69.0
2022-09-08,6.802,0.0,0.0,76.4,87.2,69.4
2022-09-09,8.544,0.032,0.0,76.6,86.6,66.2
2022-09-10,6.220000000000001,0.024,0.0,74.4,82.0,66.4
2022-09-11,9.35,0.33199999999999996,0.0,74.4,79.8,68.2
2022-09-12,7.74,0.016,0.0,72.2,80.4,64.6
2022-09-13,8.322,0.004,0.0,72.8,83.4,64.6
2022-09-14,7.83,0.0,0.0,73.0,83.2,63.4
2022-09-15,8.278,0.0,0.0,72.6,81.2,63.2
2022-09-16,7.292,0.0,0.0,72.8,82.6,63.0
2022-09-17,8.946000000000002,0.0,0.0,74.8,82.8,67.8
2022-09-18,9.662,0.088,0.0,76.0,84.8,68.4
2022-09-19,8.052,0.006,0.0,76.0,84.4,67.6
2022-09-20,9.036,0.10800000000000001,0.0,76.2,86.8,68.6
2022-09-21,8.501999999999999,0.0,0.0,77.2,85.8,66.0
2022-09-22,9.396,0.068,0.0,73.8,83.4,61.6
2022-09-23,9.486,0.0,0.0,68.6,77.8,59.6
2022-09-24,7.696000000000001,0.018,0.0,69.0,80.0,60.2
2022-09-25,8.68,0.068,0.0,71.0,80.6,64.4
2022-09-26,10.379999999999999,0.0,0.0,69.4,77.6,61.2
2022-09-27,9.169999999999998,0.0,0.0,67.0,75.6,57.6
2022-09-28,8.906,0.0,0.0,66.4,76.8,57.6
2022-09-29,10.154,0.0,0.0,65.0,72.8,57.4
2022-09-30,8.41,0.0,0.0,64.2,73.4,57.6
2022-10-01,10.468,0.178,0.0,64.0,72.8,56.2
2022-10-02,10.74,0.038,0.0,63.8,72.2,55.8
2022-10-03,7.246,0.156,0.0,62.4,71.8,54.2
2022-10-04,7.023999999999999,0.27599999999999997,0.0,63.2,73.8,54.8
2022-10-05,6.712000000000001,0.11000000000000001,0.0,64.8,75.6,56.2
2022-10-06,6.712000000000001,0.01,0.0,67.0,79.2,56.4
2022-10-07,8.052,0.0,0.0,66.4,76.0,56.8
2022-10-08,9.664,0.008,0.0,62.4,69.2,52.8
2022-10-09,7.651999999999999,0.0,0.0,60.4,72.2,50.8
2022-10-10,7.023999999999999,0.0,0.0,64.2,75.8,54.4
2022-10-11,9.53,0.094,0.0,66.0,76.0,58.0
2022-10-12,9.754,0.21600000000000003,0.0,67.6,74.8,60.0
2022-10-13,9.708,0.318,0.0,64.0,70.2,54.2
2022-10-14,7.426,0.030000000000000006,0.0,61.0,71.8,51.8
2022-10-15,8.858,0.008,0.0,62.2,73.4,53.4
2022-10-16,7.962000000000001,0.014000000000000002,0.0,63.2,70.8,54.6
2022-10-17,11.408,0.016,0.0,60.4,66.4,51.0
2022-10-18,11.902000000000001,0.0,0.0,53.8,61.6,46.6
2022-10-19,9.038,0.0,0.0,53.4,65.0,43.8
2022-10-20,8.948,0.0,0.0,57.4,71.6,46.4
2022-10-21,7.828,0.0,0.0,60.6,75.6,48.8
2022-10-22,10.064,0.002,0.0,64.4,75.0,54.4
2022-10-23,11.946000000000002,0.006,0.0,65.8,74.8,58.4
2022-10-24,9.842,0.534,0.0,65.4,73.6,56.2
2022-10-25,8.636,0.184,0.0,64.2,73.2,53.6
2022-10-26,7.56,0.008,0.0,59.6,67.2,51.0
2022-10-27,9.352,0.0,0.0,57.8,68.8,48.4
2022-10-28,8.904,0.382,0.0,58.0,65.8,50.6
2022-10-29,7.964,0.03,0.0,56.2,66.4,48.8
2022-10-30,6.444,0.046,0.0,58.0,67.4,50.2
2022-10-31,4.922,0.066,0.0,60.4,69.8,52.8
2022-11-01,6.709999999999999,0.048,0.0,62.0,72.2,54.6
2022-11-02,8.144,0.026000000000000002,0.0,62.2,72.4,52.6
2022-11-03,9.706,0.0,0.0,62.2,71.6,54.8
2022-11-04,9.709999999999999,0.622,0.0,63.2,72.2,52.2
2022-11-05,11.094,0.036,0.0,61.4,70.6,52.4
2022-11-06,9.306000000000001,0.0,0.0,62.8,72.4,57.0
2022-11-07,8.008,0.02,0.0,64.6,72.8,56.4
2022-11-08,11.318000000000001,0.288,0.0,61.6,68.2,54.8
2022-11-09,10.782,0.02,0.0,58.6,67.2,51.2
2022-11-10,10.47,0.026000000000000002,0.0,61.6,70.2,53.8
2022-11-11,11.453999999999999,0.4,0.0,59.2,67.8,48.2
2022-11-12,10.382,0.012,0.0,53.2,59.8,43.6
2022-11-13,10.292,0.018,0.0,46.6,53.8,37.0
2022-11-14,8.766,0.09,0.0,43.8,51.6,36.8
2022-11-15,8.544,0.21200000000000002,0.25,44.6,50.2,39.2
2022-11-16,9.708,0.048,0.0,46.0,53.8,39.4
2022-11-17,10.066,0.0,0.0,44.6,52.4,37.0
2022-11-18,11.184000000000001,0.002,0.025,42.2,49.4,34.0
2022-11-19,9.751999999999999,0.0,0.0,40.6,48.0,32.8
2022-11-20,10.378,0.0,0.0,40.8,50.6,31.6
2022-11-21,8.68,0.004,0.0,44.4,55.2,36.2
2022-11-22,6.13,0.0,0.0,48.8,60.2,39.6
2022-11-23,5.638,0.1,0.0,51.2,62.8,41.6
2022-11-24,7.784000000000001,0.13999999999999999,0.0,52.2,61.2,44.0
2022-11-25,9.486,0.054000000000000006,0.0,53.2,61.6,45.2
2022-11-26,9.440000000000001,0.256,0.0,52.4,61.2,44.0
2022-11-27,9.931999999999999,0.272,0.0,53.0,61.0,44.8
2022-11-28,9.258,0.0,0.0,51.8,59.8,42.0
2022-11-29,9.616,0.10800000000000001,0.0,53.4,63.6,41.4
2022-11-30,12.928,0.336,0.0,49.2,55.6,36.0
2022-12-01,9.664,0.0,0.0,42.2,50.2,35.2
2022-12-02,10.156,0.024,0.0,47.2,57.0,41.4
2022-12-03,11.542,0.054000000000000006,0.0,52.0,60.2,42.8
2022-12-04,7.964,0.026000000000000002,0.0,47.6,53.8,40.4
2022-12-05,8.412,0.16599999999999998,0.0,49.0,57.0,42.2
2022-12-06,7.65,0.11400000000000002,0.0,52.6,58.6,46.0
2022-12-07,6.712000000000001,0.074,0.0,54.2,61.4,49.0
2022-12-08,6.936,0.02,0.0,54.8,62.2,46.8
2022-12-09,8.59,0.186,0.05,52.2,57.2,45.4
2022-12-10,7.872,0.278,0.0,49.8,54.6,44.6
2022-12-11,9.082,0.266,0.0,48.4,50.4,45.0
2022-12-12,9.172,0.08199999999999999,0.0,47.4,53.0,43.4
2022-12-13,11.542,0.148,0.0,47.2,52.2,41.8
2022-12-14,11.632000000000001,0.40199999999999997,0.0,45.6,50.2,39.2
2022-12-15,9.618,0.304,0.13333333333333333,44.8,51.0,37.8
2022-12-16,11.274,0.14,0.325,43.8,50.2,37.6
2022-12-17,10.245999999999999,0.0,0.0,42.6,47.8,35.0
2022-12-18,10.112,0.0,0.0,38.2,45.4,31.0
2022-12-19,8.768,0.0,0.0,38.2,46.2,31.6
2022-12-20,8.992,0.012,0.0,41.2,47.2,34.8
2022-12-21,6.846000000000001,0.0,0.0,38.4,48.2,30.0
2022-12-22,11.676,0.048,0.43333333333333335,40.0,49.8,24.2
2022-12-23,18.656,0.062,0.0,28.8,39.6,13.6
2022-12-24,13.063999999999998,0.0,0.0,22.8,34.0,17.0
2022-12-25,10.916,0.0,0.0,30.4,42.8,22.0
2022-12-26,7.336,0.0,0.025,35.0,46.4,25.8
2022-12-27,7.92,0.1,0.0,36.0,45.6,28.4
2022-12-28,10.244,0.002,0.0,43.6,56.8,35.6
2022-12-29,9.036,0.0,0.0,52.6,61.0,45.4
2022-12-30,6.396,0.016,0.0,51.6,59.6,42.6
2022-12-31,6.1739999999999995,0.264,0.0,50.6,57.4,45.0
2023-01-01,8.592,0.052000000000000005,0.0,54.0,62.0,47.4
2023-01-02,6.890000000000001,0.01,0.0,53.4,61.6,46.2
2023-01-03,8.726,0.516,0.0,54.6,59.0,48.2
2023-01-04,7.65,0.41200000000000003,0.0,52.4,59.0,45.0
2023-01-05,8.23,0.22800000000000004,0.05,48.6,54.2,43.0
2023-01-06,8.096,0.05,0.0,46.4,54.4,37.8
2023-01-07,7.426,0.0,0.0,47.2,55.4,39.6
2023-01-08,6.04,0.028000000000000004,0.0,46.0,52.2,39.0
2023-01-09,9.35,0.21200000000000002,0.0,46.2,55.0,38.8
2023-01-10,8.948,0.13,0.0,49.2,59.8,40.6
2023-01-11,6.845999999999999,0.0,0.0,51.4,61.8,43.0
2023-01-12,12.484,0.174,0.0,52.4,61.4,43.0
2023-01-13,12.303999999999998,0.01,0.06666666666666667,47.0,52.6,37.2
2023-01-14,13.508,0.306,0.0,40.8,47.4,34.8
2023-01-15,13.913999999999998,0.096,0.0,43.4,54.2,36.2
2023-01-16,13.913999999999998,0.13399999999999998,0.0,49.0,59.4,42.0
2023-01-17,8.68,0.044,0.0,50.6,58.4,42.8
2023-01-18,9.574,0.057999999999999996,0.0,52.2,58.8,46.4
2023-01-19,8.992,0.22799999999999998,0.0,50.6,55.4,42.4
2023-01-20,9.978,0.0,0.0,46.8,53.4,38.4
2023-01-21,8.322,0.006,0.0,44.0,49.4,38.0
2023-01-22,7.74,0.528,0.375,41.8,47.0,36.0
2023-01-23,10.468,0.05,0.0,41.6,48.0,34.2
2023-01-24,9.528,0.20400000000000001,0.0,42.0,50.4,33.8
2023-01-25,10.02,0.4,0.9,43.6,52.8,36.8
2023-01-26,11.542,0.054000000000000006,0.2,43.4,51.2,33.8
2023-01-27,10.424,0.012,0.2,40.8,52.2,30.4
2023-01-28,8.68,0.03,0.55,43.6,55.0,35.2
2023-01-29,9.842,0.168,0.05,44.2,49.8,34.8
2023-01-30,8.41,0.134,0.1,38.6,44.0,32.8
2023-01-31,8.01,0.082,0.325,37.0,44.0,30.6
2023-02-01,8.5,0.06200000000000001,0.05,37.0,44.0,29.8
2023-02-02,8.902,0.242,0.0,38.6,45.0,31.0
2023-02-03,11.808,0.012,0.0,35.6,43.0,25.0
2023-02-04,10.962,0.0,0.0,34.0,48.8,24.6
2023-02-05,9.752,0.002,0.0,45.8,56.2,36.6
2023-02-06,11.096,0.0,0.0,49.2,62.2,39.4
2023-02-07,8.902,0.22400000000000003,0.0,49.6,58.2,39.0
2023-02-08,7.606,0.22400000000000003,0.0,49.0,58.2,40.2
2023-02-09,8.008,0.182,0.0,50.0,60.2,40.0
2023-02-10,11.184000000000001,0.018,0.0,51.0,57.4,41.2
2023-02-11,11.23,0.098,0.0,45.4,53.4,36.8
2023-02-12,8.232,0.03,0.0,44.4,54.4,36.2
2023-02-13,9.664,0.0,0.0,48.6,60.6,39.8
2023-02-14,12.84,0.142,0.0,52.6,61.6,43.2
2023-02-15,11.632,0.032,0.0,53.2,61.8,44.0
2023-02-16,11.766,0.09,0.5,50.6,58.6,39.6
2023-02-17,12.751999999999999,0.172,0.0,45.2,54.0,32.0
2023-02-18,10.734,0.0,0.0,40.8,53.0,31.8
2023-02-19,9.798,0.0,0.0,48.4,60.0,39.4
2023-02-20,8.5,0.0,0.0,53.8,66.8,43.6
2023-02-21,11.767999999999999,0.041999999999999996,0.0,54.6,62.4,46.0
2023-02-22,15.120000000000001,0.354,0.0,53.4,59.8,47.2
2023-02-23,11.364,0.07,0.0,50.6,56.2,43.2
2023-02-24,12.528,0.45600000000000007,0.425,46.2,51.8,37.4
2023-02-25,7.516,0.36,0.0,41.2,47.4,37.0
2023-02-26,8.856,0.02,0.0,47.0,62.2,39.8
2023-02-27,10.65,0.318,0.25,52.4,61.0,45.6
2023-02-28,9.172,0.098,0.125,52.6,62.4,44.8
2023-03-01,10.156,0.08600000000000001,0.0,54.4,60.0,46.4
2023-03-02,9.440000000000001,0.18,0.0,53.6,61.6,46.0
2023-03-03,10.693999999999999,0.13199999999999998,0.0,49.6,57.2,42.8
2023-03-04,9.934000000000001,0.176,0.0,50.2,60.6,41.6
2023-03-05,10.604,0.022,0.0,52.4,63.0,43.4
2023-03-06,10.11,0.02,0.0,55.0,65.6,47.4
2023-03-07,11.856,0.016,0.075,54.8,61.0,46.6
2023-03-08,11.854000000000001,0.002,0.0,49.6,56.2,42.2
2023-03-09,10.424,0.198,0.075,50.2,57.0,43.6
2023-03-10,9.216,0.388,0.225,47.8,54.6,42.6
2023-03-11,10.112,0.146,0.05,50.2,59.4,44.0
2023-03-12,10.424,0.22400000000000003,0.05,49.6,54.0,42.8
2023-03-13,11.768,0.22000000000000003,0.05,45.8,51.0,40.6
2023-03-14,11.498000000000001,0.41,0.025,42.8,50.0,35.6
2023-03-15,12.838,0.236,0.0,45.6,57.4,37.0
2023-03-16,11.228,0.23199999999999998,0.0,51.6,61.2,41.4
2023-03-17,12.080000000000002,0.14,0.0,49.0,56.8,38.6
2023-03-18,12.794,0.004,0.0,44.4,52.4,35.4
2023-03-19,11.99,0.012,0.0,41.6,48.2,32.8
2023-03-20,12.17,0.014000000000000002,0.0,43.2,53.4,35.8
2023-03-21,11.722,0.21000000000000002,0.0,49.2,60.6,40.6
2023-03-22,10.604,0.044,0.0,54.0,64.0,47.2
2023-03-23,10.602,0.07200000000000001,0.0,56.8,66.6,49.8
2023-03-24,11.41,0.082,0.0,57.2,63.8,50.2
2023-03-25,12.122,0.22199999999999998,0.0,55.0,62.8,46.4
2023-03-26,9.708,0.376,0.0,55.8,65.0,47.6
2023-03-27,9.486,0.126,0.0,55.0,65.4,45.4
2023-03-28,8.815999999999999,0.004,0.0,53.2,62.0,44.6
2023-03-29,9.437999999999999,0.196,0.0,49.8,56.6,41.6
2023-03-30,10.244,0.148,0.0,49.6,61.6,41.8
2023-03-31,12.392,0.238,0.0,58.4,70.0,48.8
2023-04-01,,0.15,0.0,58.4,66.4,48.2
2023-04-02,,0.12,0.0,54.0,64.4,43.8
